beetag_exprun,col_num,exp_num,subrun,N_species,N_dose,N_species_dose,temp,food,sym_state,food_sym_state,treat_ID_collapsed_controls,red_day1,red_day11,red_delta,resp_rate,e_coli_plate,PAM_avg_day1,PAM_avg_day11,PAM_delta,log_PAM_delta
B13G2_exp3A,223,3,A,N,0,CNTRL_0,20,F,A,F_A,CNTRL_20_F_A,0.4608,0.4955,0.0347,-0.0041,1,0.353,0.237,-0.116,-0.116
B13G8_exp2A,226,2,A,N,0,CNTRL_0,20,F,A,F_A,CNTRL_20_F_A,0.47674,0.46312,-0.01362,-0.00394,1,0.455,0.411,-0.044,-0.044
B14G14_exp2B,149,2,B,N,0,CNTRL_0,20,F,A,F_A,CNTRL_20_F_A,0.47311,0.41061,-0.0625,-0.00625,0,0.562,0.361,-0.201,-0.201
B22G29_exp1B,183,1,B,N,0,CNTRL_0,20,F,A,F_A,CNTRL_20_F_A,0.3883,0.4026,0.0143,-0.00306,1,0.17,0.383,0.213,0.213
B22G27_exp1B,160,1,B,N,0,CNTRL_0,20,F,A,F_A,CNTRL_20_F_A,0.364,0.39741,0.03341,NA,NA,0.196,0.345,0.149,0.149
B14G15_exp1A,150,1,A,N,0,CNTRL_0,20,F,A,F_A,CNTRL_20_F_A,0.36895,0.38382,0.01487,-0.00422,1,0.085,0.157,0.072,0.072
B14G14_exp1A,168,1,A,N,0,CNTRL_0,20,F,A,F_A,CNTRL_20_F_A,0.34305,0.36367,0.02062,-0.00489,0,0.108,0.223,0.115,0.115
B13G2_exp2A,174,2,A,N,0,CNTRL_0,20,F,A,F_A,CNTRL_20_F_A,0.37049,0.35824,-0.01225,NA,NA,0.448,0.09,-0.358,-0.358
B13G3_exp2A,199,2,A,N,0,CNTRL_0,20,F,A,F_A,CNTRL_20_F_A,0.34904,0.33167,-0.01737,-0.00707,0,0.232,0.134,-0.098,-0.098
B13G8_exp3A,237,3,A,N,0,CNTRL_0,20,F,A,F_A,CNTRL_20_F_A,0.3487,0.32924,-0.01946,-0.00252,0,0.561,0.372,-0.189,-0.189
B13G3_exp3A,237,3,A,N,0,CNTRL_0,20,F,A,F_A,CNTRL_20_F_A,0.32118,0.29835,-0.02283,NA,NA,0.496,0.342,-0.154,-0.154
O17W33_exp3B,256,3,B,N,0,CNTRL_0,20,F,A,F_A,CNTRL_20_F_A,0.42195,0.2637,-0.15825,NA,NA,0.604,0.436,-0.168,-0.168
O1B1_exp3B,238,3,B,N,0,CNTRL_0,20,F,A,F_A,CNTRL_20_F_A,0.25803,0.2566,-0.00143,-0.00456,0,0.318,0.436,0.118,0.118
B22G28_exp1B,169,1,B,N,0,CNTRL_0,20,F,A,F_A,CNTRL_20_F_A,0.25701,0.25646,-0.00055,-0.00123,0,0.211,0.349,0.138,0.138
B14G15_exp2B,184,2,B,N,0,CNTRL_0,20,F,A,F_A,CNTRL_20_F_A,0.19077,0.18405,-0.00672,-0.00476,1,0.53,0.51,-0.02,-0.02
B14G21_exp2B,223,2,B,N,0,CNTRL_0,20,F,S,F_S,CNTRL_20_F_S,0.53292,0.5227,-0.01022,-0.00339,1,0.544,0.569,0.025,0.025
B13G13_exp3A,240,3,A,N,0,CNTRL_0,20,F,S,F_S,CNTRL_20_F_S,0.4817,0.48027,-0.00143,-0.00913,0,0.491,0.343,-0.148,-0.148
B14G20_exp2B,202,2,B,N,0,CNTRL_0,20,F,S,F_S,CNTRL_20_F_S,0.42969,0.47135,0.04166,NA,NA,0.56,0.157,-0.403,-0.403
B22G30_exp1B,160,1,B,N,0,CNTRL_0,20,F,S,F_S,CNTRL_20_F_S,0.38755,0.47085,0.0833,NA,NA,0.422,0.565,0.143,0.143
B22G31_exp1B,171,1,B,N,0,CNTRL_0,20,F,S,F_S,CNTRL_20_F_S,0.47201,0.4346,-0.03741,-0.0036,1,0.384,0.58,0.196,0.196
O1B3_exp3B,251,3,B,N,0,CNTRL_0,20,F,S,F_S,CNTRL_20_F_S,0.42489,0.42409,-0.0008,NA,NA,0.481,0.396,-0.085,-0.085
O1B4_exp3B,245,3,B,N,0,CNTRL_0,20,F,S,F_S,CNTRL_20_F_S,0.47072,0.40797,-0.06275,-0.00475,0,0.558,0.14,-0.418,-0.418
B13G10_exp2A,175,2,A,N,0,CNTRL_0,20,F,S,F_S,CNTRL_20_F_S,0.34379,0.38114,0.03735,-0.0056,0,0.475,0.163,-0.312,-0.312
B14G20_exp1A,145,1,A,N,0,CNTRL_0,20,F,S,F_S,CNTRL_20_F_S,0.3273,0.37676,0.04946,-0.00275,1,0.34,0.514,0.174,0.174
O1B2_exp3B,242,3,B,N,0,CNTRL_0,20,F,S,F_S,CNTRL_20_F_S,0.33126,0.3339,0.00264,-0.00659,1,0.422,0.442,0.02,0.02
B14G17_exp1A,142,1,A,N,0,CNTRL_0,20,F,S,F_S,CNTRL_20_F_S,0.37887,0.32011,-0.05876,NA,NA,0.377,0.528,0.151,0.151
B14G21_exp1A,153,1,A,N,0,CNTRL_0,20,F,S,F_S,CNTRL_20_F_S,0.25749,0.30511,0.04762,-0.00293,0,0.355,0.561,0.206,0.206
B13G13_exp2A,206,2,A,N,0,CNTRL_0,20,F,S,F_S,CNTRL_20_F_S,0.33703,0.29844,-0.03859,-0.00479,1,0.537,0.28,-0.257,-0.257
B13G10_exp3A,239,3,A,N,0,CNTRL_0,20,F,S,F_S,CNTRL_20_F_S,0.30376,0.27574,-0.02802,-0.00521,1,0.545,0.591,0.046,0.046
B14G17_exp2B,159,2,B,N,0,CNTRL_0,20,F,S,F_S,CNTRL_20_F_S,0.23617,0.21962,-0.01655,-0.00323,0,0.402,0.362,-0.04,-0.04
B23G34_exp1B,171,1,B,N,0,CNTRL_0,20,S,A,S_A,CNTRL_20_S_A,0.42189,0.45067,0.02878,NA,NA,0.092,0.486,0.394,0.394
B15G23_exp1A,150,1,A,N,0,CNTRL_0,20,S,A,S_A,CNTRL_20_S_A,0.34726,0.40766,0.0604,-0.00296,0,0.126,0.305,0.179,0.179
B22G28_exp2A,187,2,A,N,0,CNTRL_0,20,S,A,S_A,CNTRL_20_S_A,0.39534,0.3961,0.00076,NA,NA,0.247,0.52,0.273,0.273
B23G35_exp1B,184,1,B,N,0,CNTRL_0,20,S,A,S_A,CNTRL_20_S_A,0.36608,0.39157,0.02549,-0.00228,1,0.368,0.537,0.169,0.169
B22G28_exp3A,227,3,A,N,0,CNTRL_0,20,S,A,S_A,CNTRL_20_S_A,0.33353,0.38307,0.04954,NA,NA,0.329,0.408,0.079,0.079
B22G29_exp2A,202,2,A,N,0,CNTRL_0,20,S,A,S_A,CNTRL_20_S_A,0.40726,0.36489,-0.04237,NA,NA,0.468,0.139,-0.329,-0.329
O2B7_exp3B,238,3,B,N,0,CNTRL_0,20,S,A,S_A,CNTRL_20_S_A,0.34012,0.34724,0.00712,-0.00536,0,0.301,0.353,0.052,0.052
B22G29_exp3A,237,3,A,N,0,CNTRL_0,20,S,A,S_A,CNTRL_20_S_A,0.38848,0.34719,-0.04129,-0.00347,1,0.343,0.197,-0.146,-0.146
B15G22_exp1A,168,1,A,N,0,CNTRL_0,20,S,A,S_A,CNTRL_20_S_A,0.33028,0.33946,0.00918,NA,NA,0.097,0.149,0.052,0.052
B23G33_exp1B,166,1,B,N,0,CNTRL_0,20,S,A,S_A,CNTRL_20_S_A,0.33798,0.33708,-0.0009,-0.00281,0,0.244,0.367,0.123,0.123
B15G23_exp2B,203,2,B,N,0,CNTRL_0,20,S,A,S_A,CNTRL_20_S_A,0.29725,0.33268,0.03543,-0.00794,1,0.432,0.37,-0.062,-0.062
O2B12_exp3B,257,3,B,N,0,CNTRL_0,20,S,A,S_A,CNTRL_20_S_A,0.39353,0.33232,-0.06121,NA,NA,0.575,0.042,-0.533,-0.533
B22G30_exp3A,237,3,A,N,0,CNTRL_0,20,S,A,S_A,CNTRL_20_S_A,0.4004,0.30212,-0.09828,-0.0067,0,0.532,0.515,-0.017,-0.017
B22G30_exp2A,228,2,A,N,0,CNTRL_0,20,S,A,S_A,CNTRL_20_S_A,0.4506,0.27145,-0.17915,-0.00715,1,0.153,0.569,0.416,0.416
B15G22_exp2B,169,2,B,N,0,CNTRL_0,20,S,A,S_A,CNTRL_20_S_A,0.28042,0.26732,-0.0131,-0.00207,0,0.528,0.47,-0.058,-0.058
O22W48_exp3B,252,3,B,N,0,CNTRL_0,20,S,S,S_S,CNTRL_20_S_S,0.46767,0.53906,0.07139,NA,NA,NA,NA,NA,NA
B23G36_exp1B,164,1,B,N,0,CNTRL_0,20,S,S,S_S,CNTRL_20_S_S,0.42774,0.48416,0.05642,-0.00201,0,0.405,0.333,-0.072,-0.072
B15G25_exp1A,157,1,A,N,0,CNTRL_0,20,S,S,S_S,CNTRL_20_S_S,0.45477,0.44357,-0.0112,-0.00514,1,0.358,0.494,0.136,0.136
B22G27_exp3A,241,3,A,N,0,CNTRL_0,20,S,S,S_S,CNTRL_20_S_S,0.47463,0.43974,-0.03489,-0.00465,1,0.596,0.023,-0.573,-0.573
B22G31_exp2A,186,2,A,N,0,CNTRL_0,20,S,S,S_S,CNTRL_20_S_S,0.38,0.42099,0.04099,-0.00675,1,0.487,0.44,-0.047,-0.047
B23G37_exp1B,172,1,B,N,0,CNTRL_0,20,S,S,S_S,CNTRL_20_S_S,0.3854,0.40249,0.01709,-0.0026,1,0.395,0.423,0.028,0.028
B15G24_exp2B,180,2,B,N,0,CNTRL_0,20,S,S,S_S,CNTRL_20_S_S,0.45545,0.39641,-0.05904,-0.00173,0,0.509,0.581,0.072,0.072
B22G27_exp2A,207,2,A,N,0,CNTRL_0,20,S,S,S_S,CNTRL_20_S_S,0.24244,0.35542,0.11298,-0.00946,0,0.432,0.561,0.129,0.129
B15G25_exp2B,208,2,B,N,0,CNTRL_0,20,S,S,S_S,CNTRL_20_S_S,0.32019,0.35056,0.03037,-0.00487,1,0.505,0.587,0.082,0.082
B15G24_exp1A,149,1,A,N,0,CNTRL_0,20,S,S,S_S,CNTRL_20_S_S,0.33323,0.34621,0.01298,-0.00224,0,0.396,0.114,-0.282,-0.282
B15G26_exp2B,224,2,B,N,0,CNTRL_0,20,S,S,S_S,CNTRL_20_S_S,0.27313,0.3365,0.06337,NA,NA,0.562,0.592,0.03,0.03
O2B10_exp3B,249,3,B,N,0,CNTRL_0,20,S,S,S_S,CNTRL_20_S_S,0.42305,0.33128,-0.09177,-0.00442,0,0.553,0.337,-0.216,-0.216
B22G31_exp3A,239,3,A,N,0,CNTRL_0,20,S,S,S_S,CNTRL_20_S_S,0.39145,0.31579,-0.07566,-0.00819,0,0.571,0.02,-0.551,-0.551
O2B11_exp3B,252,3,B,N,0,CNTRL_0,20,S,S,S_S,CNTRL_20_S_S,0.3855,0.30338,-0.08212,-0.0052,1,0.539,0.583,0.044,0.044
B15G26_exp1A,153,1,A,N,0,CNTRL_0,20,S,S,S_S,CNTRL_20_S_S,0.39011,0.2821,-0.10801,NA,NA,0.366,0.556,0.19,0.19
W17O83_exp3B,249,3,B,N,0,CNTRL_0,30,F,A,F_A,CNTRL_30_F_A,0.55486,0.53012,-0.02474,NA,NA,NA,NA,NA,NA
B29G67_exp1B,183,1,B,N,0,CNTRL_0,30,F,A,F_A,CNTRL_30_F_A,0.48603,0.49351,0.00748,-0.00445,1,0.212,0.018,-0.194,-0.194
B29G65_exp1B,170,1,B,N,0,CNTRL_0,30,F,A,F_A,CNTRL_30_F_A,0.4526,0.46657,0.01397,NA,NA,0.348,0.342,-0.006,-0.006
B25G44_exp2A,201,2,A,N,0,CNTRL_0,30,F,A,F_A,CNTRL_30_F_A,0.45348,0.46088,0.0074,NA,NA,0.467,0.485,0.018,0.018
B25G45_exp2A,226,2,A,N,0,CNTRL_0,30,F,A,F_A,CNTRL_30_F_A,0.41058,0.45652,0.04594,-0.00347,1,0.36,0.282,-0.078,-0.078
B25G43_exp3A,226,3,A,N,0,CNTRL_0,30,F,A,F_A,CNTRL_30_F_A,0.40382,0.45247,0.04865,-0.00355,1,0.509,0.249,-0.26,-0.26
B25G45_exp3A,237,3,A,N,0,CNTRL_0,30,F,A,F_A,CNTRL_30_F_A,0.42579,0.43869,0.0129,NA,NA,0.427,0.421,-0.006,-0.006
B31G77_exp2B,167,2,B,N,0,CNTRL_0,30,F,A,F_A,CNTRL_30_F_A,0.39,0.42721,0.03721,-0.00387,0,0.325,0.279,-0.046,-0.046
B25G44_exp3A,237,3,A,N,0,CNTRL_0,30,F,A,F_A,CNTRL_30_F_A,0.31611,0.35348,0.03737,-0.00464,0,0.303,0.485,0.182,0.182
W1O1_exp3B,238,3,B,N,0,CNTRL_0,30,F,A,F_A,CNTRL_30_F_A,0.35796,0.34167,-0.01629,-0.00372,0,0.359,0.32,-0.039,-0.039
B27G54_exp1A,150,1,A,N,0,CNTRL_0,30,F,A,F_A,CNTRL_30_F_A,0.39266,0.34112,-0.05154,-0.0044,0,0.112,0.545,0.433,0.433
B31G78_exp2B,195,2,B,N,0,CNTRL_0,30,F,A,F_A,CNTRL_30_F_A,0.27122,0.3297,0.05848,-0.00401,1,0.542,0.376,-0.166,-0.166
B26G48_exp3A,229,3,A,N,0,CNTRL_0,30,F,A,F_A,CNTRL_30_F_A,0.2839,0.31509,0.03119,-0.00598,1,0.548,0.358,-0.19,-0.19
B27G53_exp1A,168,1,A,N,0,CNTRL_0,30,F,A,F_A,CNTRL_30_F_A,0.24177,0.2988,0.05703,-0.00303,1,0.211,0.313,0.102,0.102
B29G64_exp1B,164,1,B,N,0,CNTRL_0,30,F,A,F_A,CNTRL_30_F_A,0.29857,0.29436,-0.00421,-0.00138,0,0.371,0.185,-0.186,-0.186
B25G43_exp2A,174,2,A,N,0,CNTRL_0,30,F,A,F_A,CNTRL_30_F_A,0.17441,0.19778,0.02337,-0.00362,0,0.353,0.178,-0.175,-0.175
B25G47_exp3A,240,3,A,N,0,CNTRL_0,30,F,S,F_S,CNTRL_30_F_S,0.38025,0.49938,0.11913,-0.00385,0,0.416,0.386,-0.03,-0.03
B25G47_exp2A,206,2,A,N,0,CNTRL_0,30,F,S,F_S,CNTRL_30_F_S,0.48027,0.48377,0.0035,-0.00501,1,0.237,0.485,0.248,0.248
B27G57_exp1A,153,1,A,N,0,CNTRL_0,30,F,S,F_S,CNTRL_30_F_S,0.40445,0.48234,0.07789,-0.00437,0,0.453,0.275,-0.178,-0.178
B31G79_exp2B,174,2,B,N,0,CNTRL_0,30,F,S,F_S,CNTRL_30_F_S,0.39306,0.43387,0.04081,NA,NA,0.529,0.453,-0.076,-0.076
B27G56_exp1A,147,1,A,N,0,CNTRL_0,30,F,S,F_S,CNTRL_30_F_S,0.37992,0.43284,0.05292,-0.0052,1,0.437,0.494,0.057,0.057
B25G46_exp2A,185,2,A,N,0,CNTRL_0,30,F,S,F_S,CNTRL_30_F_S,0.40217,0.42216,0.01999,-0.00865,0,0.447,0.402,-0.045,-0.045
B29G70_exp1B,161,1,B,N,0,CNTRL_0,30,F,S,F_S,CNTRL_30_F_S,0.3919,0.42047,0.02857,-0.00423,0,0.232,0.464,0.232,0.232
W1O3_exp3B,251,3,B,N,0,CNTRL_0,30,F,S,F_S,CNTRL_30_F_S,0.52119,0.36925,-0.15194,-0.00446,0,0.568,0.554,-0.014,-0.014
B25G46_exp3A,239,3,A,N,0,CNTRL_0,30,F,S,F_S,CNTRL_30_F_S,0.35705,0.36119,0.00414,-0.00517,1,0.523,0.513,-0.01,-0.01
B29G71_exp1B,171,1,B,N,0,CNTRL_0,30,F,S,F_S,CNTRL_30_F_S,0.39595,0.35835,-0.0376,-0.00298,1,0.376,0.491,0.115,0.115
W1O4_exp3B,245,3,B,N,0,CNTRL_0,30,F,S,F_S,CNTRL_30_F_S,0.37321,0.35693,-0.01628,-0.0051,1,0.047,0.384,0.337,0.337
B27G55_exp1A,142,1,A,N,0,CNTRL_0,30,F,S,F_S,CNTRL_30_F_S,0.38392,0.34999,-0.03393,NA,NA,0.44,0.569,0.129,0.129
B31G82_exp2B,223,2,B,N,0,CNTRL_0,30,F,S,F_S,CNTRL_30_F_S,0.32853,0.34418,0.01565,-0.00467,1,0.553,0.472,-0.081,-0.081
B31G80_exp2B,206,2,B,N,0,CNTRL_0,30,F,S,F_S,CNTRL_30_F_S,0.32891,0.31746,-0.01145,-0.00223,0,0.546,0.205,-0.341,-0.341
W1O2_exp3B,242,3,B,N,0,CNTRL_0,30,F,S,F_S,CNTRL_30_F_S,0.32316,0.25824,-0.06492,-0.00329,1,0.414,0.359,-0.055,-0.055
B32G83_exp2B,170,2,B,N,0,CNTRL_0,30,S,A,S_A,CNTRL_30_S_A,0.58285,0.53902,-0.04383,-0.00332,0,0.525,0.434,-0.091,-0.091
B26G50_exp2A,230,2,A,N,0,CNTRL_0,30,S,A,S_A,CNTRL_30_S_A,0.47404,0.47566,0.00162,NA,NA,0.374,0.523,0.149,0.149
W2O12_exp3B,243,3,B,N,0,CNTRL_0,30,S,A,S_A,CNTRL_30_S_A,0.51222,0.45898,-0.05324,NA,NA,0.556,0.575,0.019,0.019
B26G51_exp3A,239,3,A,N,0,CNTRL_0,30,S,A,S_A,CNTRL_30_S_A,0.32396,0.42443,0.10047,-0.00489,1,0.518,0.513,-0.005,-0.005
B32G83_exp1B,166,1,B,N,0,CNTRL_0,30,S,A,S_A,CNTRL_30_S_A,0.43159,0.42375,-0.00784,-0.00243,0,0.23,0.254,0.024,0.024
W2O7_exp3B,238,3,B,N,0,CNTRL_0,30,S,A,S_A,CNTRL_30_S_A,0.38724,0.38966,0.00242,-0.00787,0,0.419,0.536,0.117,0.117
B30G72_exp1A,162,1,A,N,0,CNTRL_0,30,S,A,S_A,CNTRL_30_S_A,0.385,0.38686,0.00186,-0.00244,1,0.17,0.306,0.136,0.136
B26G48_exp2A,193,2,A,N,0,CNTRL_0,30,S,A,S_A,CNTRL_30_S_A,0.33567,0.37642,0.04075,-0.00584,0,0.484,0.057,-0.427,-0.427
B26G50_exp3A,237,3,A,N,0,CNTRL_0,30,S,A,S_A,CNTRL_30_S_A,0.3905,0.37068,-0.01982,-0.0078,0,0.3,0.437,0.137,0.137
B32G85_exp1B,184,1,B,N,0,CNTRL_0,30,S,A,S_A,CNTRL_30_S_A,0.38687,0.34304,-0.04383,NA,NA,0.203,0.208,0.005,0.005
B26G49_exp3A,237,3,A,N,0,CNTRL_0,30,S,A,S_A,CNTRL_30_S_A,0.36487,0.34303,-0.02184,NA,NA,0.35,0.389,0.039,0.039
B32G84_exp2B,211,2,B,N,0,CNTRL_0,30,S,A,S_A,CNTRL_30_S_A,0.36421,0.3367,-0.02751,-0.00068,1,0.467,0.454,-0.013,-0.013
B30G73_exp1A,151,1,A,N,0,CNTRL_0,30,S,A,S_A,CNTRL_30_S_A,0.25324,0.28353,0.03029,-0.00178,0,0.375,0.424,0.049,0.049
B26G49_exp2A,206,2,A,N,0,CNTRL_0,30,S,A,S_A,CNTRL_30_S_A,0.28401,0.23516,-0.04885,-0.00219,1,0.369,0.398,0.029,0.029
B32G84_exp1B,171,1,B,N,0,CNTRL_0,30,S,A,S_A,CNTRL_30_S_A,0.20829,0.17896,-0.02933,-0.00247,1,0.351,0.393,0.042,0.042
B30G76_exp1A,157,1,A,N,0,CNTRL_0,30,S,S,S_S,CNTRL_30_S_S,0.67194,0.64003,-0.03191,-0.00492,1,0.262,0.547,0.285,0.285
W2O11_exp3B,252,3,B,N,0,CNTRL_0,30,S,S,S_S,CNTRL_30_S_S,0.50221,0.62569,0.12348,-0.00215,1,0.472,0.221,-0.251,-0.251
B30G75_exp1A,154,1,A,N,0,CNTRL_0,30,S,S,S_S,CNTRL_30_S_S,0.49667,0.59377,0.0971,-0.00328,0,0.342,0.317,-0.025,-0.025
B26G52_exp2A,208,2,A,N,0,CNTRL_0,30,S,S,S_S,CNTRL_30_S_S,0.44313,0.53961,0.09648,-0.00346,1,0.019,0.509,0.49,0.49
B32G87_exp1B,164,1,B,N,0,CNTRL_0,30,S,S,S_S,CNTRL_30_S_S,0.49733,0.53835,0.04102,-0.00305,0,0.353,0.134,-0.219,-0.219
B30G74_exp1A,152,1,A,N,0,CNTRL_0,30,S,S,S_S,CNTRL_30_S_S,0.47997,0.51629,0.03632,NA,NA,0.338,0.463,0.125,0.125
B32G87_exp2B,208,2,B,N,0,CNTRL_0,30,S,S,S_S,CNTRL_30_S_S,0.3418,0.45654,0.11474,-0.00728,0,0.511,0.529,0.018,0.018
B26G52_exp3A,241,3,A,N,0,CNTRL_0,30,S,S,S_S,CNTRL_30_S_S,0.43386,0.45249,0.01863,-0.00534,0,0.541,0.55,0.009,0.009
B32G88_exp1B,172,1,B,N,0,CNTRL_0,30,S,S,S_S,CNTRL_30_S_S,0.43308,0.44508,0.012,-0.00274,1,0.396,0.517,0.121,0.121
W2O10_exp3B,250,3,B,N,0,CNTRL_0,30,S,S,S_S,CNTRL_30_S_S,0.40744,0.41135,0.00391,-0.00351,0,0.528,0.24,-0.288,-0.288
B26G51_exp2A,196,2,A,N,0,CNTRL_0,30,S,S,S_S,CNTRL_30_S_S,0.3323,0.40621,0.07391,-0.00713,0,0.521,0.484,-0.037,-0.037
W20O88_exp3B,252,3,B,N,0,CNTRL_0,30,S,S,S_S,CNTRL_30_S_S,0.46097,0.39486,-0.06611,NA,NA,NA,NA,NA,NA
B32G88_exp2B,225,2,B,N,0,CNTRL_0,30,S,S,S_S,CNTRL_30_S_S,0.37495,0.36374,-0.01121,-0.0041,1,0.485,0.485,0,0
B32G85_exp2B,188,2,B,N,0,CNTRL_0,30,S,S,S_S,CNTRL_30_S_S,0.30623,0.25203,-0.0542,NA,NA,0.564,0.469,-0.095,-0.095
B28G58_exp3A,235,3,A,N,0,CNTRL_0,30,S,S,S_S,CNTRL_30_S_S,0.2019,0.1955,-0.0064,NA,NA,0.448,0.477,0.029,0.029
G29Y71_exp1A,150,1,A,N,1.5,N_1.5,20,F,A,F_A,N_1.5_20_F_A,0.38521,0.59284,0.20763,-0.00469,0,0.1,0.338,0.238,0.238
G25Y45_exp2B,157,2,B,N,1.5,N_1.5,20,F,A,F_A,N_1.5_20_F_A,0.53314,0.512,-0.02114,-0.00513,0,0.514,0.019,-0.495,-0.495
G30Y77_exp1B,183,1,B,N,1.5,N_1.5,20,F,A,F_A,N_1.5_20_F_A,0.48986,0.51109,0.02123,NA,NA,0.141,0.441,0.3,0.3
G23Y2129_exp3A,237,3,A,N,1.5,N_1.5,20,F,A,F_A,N_1.5_20_F_A,0.44027,0.44803,0.00776,NA,NA,0.53,0.467,-0.063,-0.063
G23Y5017_exp2A,174,2,A,N,1.5,N_1.5,20,F,A,F_A,N_1.5_20_F_A,0.39082,0.43765,0.04683,-0.00293,1,0.377,0.551,0.174,0.174
O4B25_exp3B,250,3,B,N,1.5,N_1.5,20,F,A,F_A,N_1.5_20_F_A,0.44919,0.41233,-0.03686,NA,NA,NA,NA,NA,NA
G29Y70_exp1A,168,1,A,N,1.5,N_1.5,20,F,A,F_A,N_1.5_20_F_A,0.33165,0.39036,0.05871,-0.0063,1,0.085,0.287,0.202,0.202
G30Y75_exp1B,163,1,B,N,1.5,N_1.5,20,F,A,F_A,N_1.5_20_F_A,0.32025,0.39022,0.06997,-0.00747,0,0.18,0.368,0.188,0.188
G23Y2820_exp2A,226,2,A,N,1.5,N_1.5,20,F,A,F_A,N_1.5_20_F_A,0.47551,0.38743,-0.08808,NA,NA,0.49,0.038,-0.452,-0.452
O5G2_exp3B,238,3,B,N,1.5,N_1.5,20,F,A,F_A,N_1.5_20_F_A,0.32173,0.38218,0.06045,-0.0057,0,0.3,0.312,0.012,0.012
G23Y1819_exp3A,223,3,A,N,1.5,N_1.5,20,F,A,F_A,N_1.5_20_F_A,0.35818,0.34143,-0.01675,-0.00275,1,0.391,0.447,0.056,0.056
G30Y76_exp1B,169,1,B,N,1.5,N_1.5,20,F,A,F_A,N_1.5_20_F_A,0.3001,0.31425,0.01415,-0.00245,1,0.243,0.461,0.218,0.218
G23Y1819_exp2A,199,2,A,N,1.5,N_1.5,20,F,A,F_A,N_1.5_20_F_A,0.29369,0.31357,0.01988,-0.0023,0,0.331,0.522,0.191,0.191
G23Y2820_exp3A,237,3,A,N,1.5,N_1.5,20,F,A,F_A,N_1.5_20_F_A,0.34505,0.27724,-0.06781,-0.00138,0,0.428,0.362,-0.066,-0.066
G25Y46_exp2B,184,2,B,N,1.5,N_1.5,20,F,A,F_A,N_1.5_20_F_A,0.28063,0.25883,-0.0218,-0.00364,1,0.446,0.385,-0.061,-0.061
G30Y78_exp1B,160,1,B,N,1.5,N_1.5,20,F,S,F_S,N_1.5_20_F_S,0.45442,0.69288,0.23846,-0.00743,0,0.483,0.572,0.089,0.089
G23Y2129_exp2A,185,2,A,N,1.5,N_1.5,20,F,S,F_S,N_1.5_20_F_S,0.46943,0.54178,0.07235,-0.00303,0,0.432,0.593,0.161,0.161
O5G4_exp3B,251,3,B,N,1.5,N_1.5,20,F,S,F_S,N_1.5_20_F_S,0.54591,0.52769,-0.01822,NA,NA,0.542,0.43,-0.112,-0.112
O5G3_exp3B,242,3,B,N,1.5,N_1.5,20,F,S,F_S,N_1.5_20_F_S,0.45061,0.51918,0.06857,-0.00482,1,0.312,0.346,0.034,0.034
G30Y79_exp1B,171,1,B,N,1.5,N_1.5,20,F,S,F_S,N_1.5_20_F_S,0.49973,0.49576,-0.00397,-0.00527,1,0.349,0.56,0.211,0.211
O5G5_exp3B,245,3,B,N,1.5,N_1.5,20,F,S,F_S,N_1.5_20_F_S,0.41133,0.45131,0.03998,-0.00338,0,0.507,0.051,-0.456,-0.456
G25Y49_exp2B,223,2,B,N,1.5,N_1.5,20,F,S,F_S,N_1.5_20_F_S,0.38775,0.40449,0.01674,-0.00367,1,0.514,0.589,0.075,0.075
G23Y5017_exp3A,240,3,A,N,1.5,N_1.5,20,F,S,F_S,N_1.5_20_F_S,0.39073,0.36036,-0.03037,-0.00419,0,0.497,0.046,-0.451,-0.451
G23Y3130_exp3A,239,3,A,N,1.5,N_1.5,20,F,S,F_S,N_1.5_20_F_S,0.26144,0.35941,0.09797,-0.00772,1,0.581,0.201,-0.38,-0.38
G29Y72_exp1A,142,1,A,N,1.5,N_1.5,20,F,S,F_S,N_1.5_20_F_S,0.37253,0.35058,-0.02195,NA,NA,0.429,0.393,-0.036,-0.036
G29Y73_exp1A,147,1,A,N,1.5,N_1.5,20,F,S,F_S,N_1.5_20_F_S,0.45222,0.32163,-0.13059,-0.00448,0,0.417,0.545,0.128,0.128
G25Y47_exp2B,171,2,B,N,1.5,N_1.5,20,F,S,F_S,N_1.5_20_F_S,0.31928,0.28144,-0.03784,-0.00413,0,0.536,0.079,-0.457,-0.457
G29Y74_exp1A,153,1,A,N,1.5,N_1.5,20,F,S,F_S,N_1.5_20_F_S,0.33748,0.26899,-0.06849,-0.00507,1,0.416,0.518,0.102,0.102
G23Y3130_exp2A,206,2,A,N,1.5,N_1.5,20,F,S,F_S,N_1.5_20_F_S,0.39435,0.25028,-0.14407,-0.00378,1,0.515,0.035,-0.48,-0.48
G25Y48_exp2B,205,2,B,N,1.5,N_1.5,20,F,S,F_S,N_1.5_20_F_S,0.27312,0.20952,-0.0636,NA,NA,0.628,0.608,-0.02,-0.02
G24Y44_exp3A,230,3,A,N,1.5,N_1.5,20,S,S,S_S,N_1.5_20_S,0.26233,0.34475,0.08242,-0.00401,0,0.455,0.572,0.117,0.117
O5G7_exp3B,256,3,B,N,1.5,N_1.5,20,S,A,S_A,N_1.5_20_S_A,0.49881,0.6603,0.16149,-0.00607,1,0.009,0.289,0.28,0.28
O8G13_exp3B,257,3,B,N,1.5,N_1.5,20,S,A,S_A,N_1.5_20_S_A,0.53212,0.52775,-0.00437,NA,NA,0.583,0.469,-0.114,-0.114
G24Y40_exp2A,187,2,A,N,1.5,N_1.5,20,S,A,S_A,N_1.5_20_S_A,0.4497,0.48904,0.03934,NA,NA,0.122,0.465,0.343,0.343
G34Y4_exp1B,171,1,B,N,1.5,N_1.5,20,S,A,S_A,N_1.5_20_S_A,0.47333,0.46342,-0.00991,NA,NA,0.312,0.344,0.032,0.032
G27Y57_exp2B,185,2,B,N,1.5,N_1.5,20,S,A,S_A,N_1.5_20_S_A,0.38047,0.42719,0.04672,NA,NA,0.533,0.024,-0.509,-0.509
G31Y82_exp1A,150,1,A,N,1.5,N_1.5,20,S,A,S_A,N_1.5_20_S_A,0.40528,0.41603,0.01075,-0.00222,0,0.232,0.517,0.285,0.285
G24Y41_exp3A,237,3,A,N,1.5,N_1.5,20,S,A,S_A,N_1.5_20_S_A,0.36106,0.4083,0.04724,-0.00254,0,0.376,0.39,0.014,0.014
G34Y3_exp1B,166,1,B,N,1.5,N_1.5,20,S,A,S_A,N_1.5_20_S_A,0.41916,0.39241,-0.02675,-0.00518,0,0.107,0.475,0.368,0.368
G27Y56_exp2B,206,2,B,N,1.5,N_1.5,20,S,A,S_A,N_1.5_20_S_A,0.35757,0.37934,0.02177,-0.00225,1,0.532,0.547,0.015,0.015
G24Y42_exp3A,237,3,A,N,1.5,N_1.5,20,S,A,S_A,N_1.5_20_S_A,0.32643,0.33691,0.01048,NA,NA,0.459,0.476,0.017,0.017
G31Y80_exp1A,168,1,A,N,1.5,N_1.5,20,S,A,S_A,N_1.5_20_S_A,0.30867,0.3333,0.02463,-0.00329,1,0.159,0.256,0.097,0.097
G24Y42_exp2A,228,2,A,N,1.5,N_1.5,20,S,A,S_A,N_1.5_20_S_A,0.32714,0.32568,-0.00146,-0.00604,1,0.451,0.155,-0.296,-0.296
G34Y5_exp1B,184,1,B,N,1.5,N_1.5,20,S,A,S_A,N_1.5_20_S_A,0.25124,0.3041,0.05286,-0.00292,1,0.208,0.709,0.501,0.501
G24Y41_exp2A,203,2,A,N,1.5,N_1.5,20,S,A,S_A,N_1.5_20_S_A,0.32358,0.2811,-0.04248,-0.0041,0,0.208,0.438,0.23,0.23
G24Y40_exp3A,227,3,A,N,1.5,N_1.5,20,S,A,S_A,N_1.5_20_S_A,0.25913,0.27666,0.01753,-0.00477,1,0.351,0.367,0.016,0.016
G34Y10_exp1B,164,1,B,N,1.5,N_1.5,20,S,S,S_S,N_1.5_20_S_S,0.34601,0.41695,0.07094,-0.00311,0,0.4,0.105,-0.295,-0.295
O8G11_exp3B,249,3,B,N,1.5,N_1.5,20,S,S,S_S,N_1.5_20_S_S,0.54861,0.51524,-0.03337,-0.00495,0,0.544,0.244,-0.3,-0.3
G27Y55_exp2B,169,2,B,N,1.5,N_1.5,20,S,S,S_S,N_1.5_20_S_S,0.49507,0.50331,0.00824,-0.00143,0,0.439,0.545,0.106,0.106
G31Y84_exp1A,160,1,A,N,1.5,N_1.5,20,S,S,S_S,N_1.5_20_S_S,0.57308,0.4866,-0.08648,NA,NA,0.401,0.271,-0.13,-0.13
G31Y85_exp1A,157,1,A,N,1.5,N_1.5,20,S,S,S_S,N_1.5_20_S_S,0.54457,0.48173,-0.06284,-0.00738,1,0.394,0.334,-0.06,-0.06
G31Y83_exp1A,150,1,A,N,1.5,N_1.5,20,S,S,S_S,N_1.5_20_S_S,0.47567,0.4308,-0.04487,-0.00266,0,0.399,0.549,0.15,0.15
O8G12_exp3B,252,3,B,N,1.5,N_1.5,20,S,S,S_S,N_1.5_20_S_S,0.44194,0.41365,-0.02829,NA,NA,0.546,0.607,0.061,0.061
G34Y11_exp1B,172,1,B,N,1.5,N_1.5,20,S,S,S_S,N_1.5_20_S_S,0.38161,0.40974,0.02813,-0.00507,1,0.426,0.521,0.095,0.095
G27Y59_exp2B,225,2,B,N,1.5,N_1.5,20,S,S,S_S,N_1.5_20_S_S,0.34338,0.37885,0.03547,-0.00465,1,0.531,0.585,0.054,0.054
G27Y58_exp2B,208,2,B,N,1.5,N_1.5,20,S,S,S_S,N_1.5_20_S_S,0.38222,0.35343,-0.02879,-0.00485,0,0.503,0.184,-0.319,-0.319
G24Y44_exp2A,208,2,A,N,1.5,N_1.5,20,S,S,S_S,N_1.5_20_S_S,0.33497,0.35169,0.01672,-0.00635,1,0.535,0.369,-0.166,-0.166
O8G10_exp3B,244,3,B,N,1.5,N_1.5,20,S,S,S_S,N_1.5_20_S_S,0.31441,0.33801,0.0236,-0.00555,0,0.568,0.485,-0.083,-0.083
G24Y43_exp2A,186,2,A,N,1.5,N_1.5,20,S,S,S_S,N_1.5_20_S_S,0.37408,0.33627,-0.03781,-0.00448,0,0.488,0.223,-0.265,-0.265
G24Y43_exp3A,239,3,A,N,1.5,N_1.5,20,S,S,S_S,N_1.5_20_S_S,0.36627,0.31562,-0.05065,-0.00637,1,0.569,0.055,-0.514,-0.514
G26Y52_exp2B,175,2,B,N,1.5,N_1.5,30,F,A,F_A,N_1.5_30_F_A,0.50156,0.49062,-0.01094,-0.00682,1,0.541,0.117,-0.424,-0.424
W5O28_exp3B,256,3,B,N,1.5,N_1.5,30,F,A,F_A,N_1.5_30_F_A,0.50143,0.47643,-0.025,-0.00266,1,0.354,0.554,0.2,0.2
G23Y2820_exp1B,183,1,B,N,1.5,N_1.5,30,F,A,F_A,N_1.5_30_F_A,0.42152,0.46651,0.04499,-0.00348,0,0.168,0.024,-0.144,-0.144
G23Y1819_exp1B,170,1,B,N,1.5,N_1.5,30,F,A,F_A,N_1.5_30_F_A,0.41295,0.46289,0.04994,NA,NA,0.369,0.281,-0.088,-0.088
G28Y63_exp1A,150,1,A,N,1.5,N_1.5,30,F,A,F_A,N_1.5_30_F_A,0.35974,0.46213,0.10239,-0.00318,0,0.245,0.284,0.039,0.039
G33Y94_exp2A,186,2,A,N,1.5,N_1.5,30,F,A,F_A,N_1.5_30_F_A,0.40201,0.45657,0.05456,-0.00304,0,0.4,0.194,-0.206,-0.206
G33Y95_exp2A,201,2,A,N,1.5,N_1.5,30,F,A,F_A,N_1.5_30_F_A,0.28251,0.40741,0.1249,NA,NA,0.253,0.163,-0.09,-0.09
G33Y94_exp3A,237,3,A,N,1.5,N_1.5,30,F,A,F_A,N_1.5_30_F_A,0.3255,0.38858,0.06308,-0.00212,0,0.296,0.299,0.003,0.003
G33Y1_exp3A,226,3,A,N,1.5,N_1.5,30,F,A,F_A,N_1.5_30_F_A,0.42794,0.38737,-0.04057,-0.00407,1,0.405,0.47,0.065,0.065
W5O29_exp3B,238,3,B,N,1.5,N_1.5,30,F,A,F_A,N_1.5_30_F_A,0.33493,0.35845,0.02352,-0.00292,0,0.251,0.382,0.131,0.131
G23Y5017_exp1B,165,1,B,N,1.5,N_1.5,30,F,A,F_A,N_1.5_30_F_A,0.44,0.32848,-0.11152,-0.00272,1,0.321,0.061,-0.26,-0.26
G28Y62_exp1A,168,1,A,N,1.5,N_1.5,30,F,A,F_A,N_1.5_30_F_A,0.25675,0.32224,0.06549,-0.00382,1,0.163,0.248,0.085,0.085
G33Y95_exp3A,237,3,A,N,1.5,N_1.5,30,F,A,F_A,N_1.5_30_F_A,0.38666,0.31351,-0.07315,NA,NA,0.469,0.36,-0.109,-0.109
G26Y51_exp2B,196,2,B,N,1.5,N_1.5,30,F,A,F_A,N_1.5_30_F_A,0.29316,0.26607,-0.02709,-0.00219,1,0.539,0.285,-0.254,-0.254
G33Y97_exp2A,227,2,A,N,1.5,N_1.5,30,F,A,F_A,N_1.5_30_F_A,0.20956,0.19326,-0.0163,-0.00328,1,0.22,0.04,-0.18,-0.18
G26Y54_exp2B,223,2,B,N,1.5,N_1.5,30,F,S,F_S,N_1.5_30_F_S,0.53932,0.55679,0.01747,-0.00222,0,0.505,0.515,0.01,0.01
G23Y3130_exp1B,171,1,B,N,1.5,N_1.5,30,F,S,F_S,N_1.5_30_F_S,0.40352,0.51037,0.10685,-0.00385,1,0.345,0.507,0.162,0.162
W4O25_exp3B,252,3,B,N,1.5,N_1.5,30,F,S,F_S,N_1.5_30_F_S,0.53702,0.49909,-0.03793,NA,NA,NA,NA,NA,NA
G33Y100_exp3A,240,3,A,N,1.5,N_1.5,30,F,S,F_S,N_1.5_30_F_S,0.34356,0.47889,0.13533,-0.00572,1,0.387,0.379,-0.008,-0.008
G23Y2129_exp1B,161,1,B,N,1.5,N_1.5,30,F,S,F_S,N_1.5_30_F_S,0.41414,0.47756,0.06342,-0.00484,0,0.36,0.13,-0.23,-0.23
W5O26_exp3B,251,3,B,N,1.5,N_1.5,30,F,S,F_S,N_1.5_30_F_S,0.44193,0.46017,0.01824,NA,NA,0.554,0.541,-0.013,-0.013
W5O27_exp3B,246,3,B,N,1.5,N_1.5,30,F,S,F_S,N_1.5_30_F_S,0.43341,0.45219,0.01878,-0.00575,0,0.021,0.231,0.21,0.21
G33Y97_exp3A,239,3,A,N,1.5,N_1.5,30,F,S,F_S,N_1.5_30_F_S,0.42279,0.44491,0.02212,-0.00521,0,0.538,0.514,-0.024,-0.024
G28Y64_exp1A,142,1,A,N,1.5,N_1.5,30,F,S,F_S,N_1.5_30_F_S,0.55867,0.44362,-0.11505,-0.00282,0,0.355,0.566,0.211,0.211
G26Y50_exp2B,167,2,B,N,1.5,N_1.5,30,F,S,F_S,N_1.5_30_F_S,0.5026,0.43444,-0.06816,-0.00154,0,0.43,0.221,-0.209,-0.209
G33Y1_exp2A,206,2,A,N,1.5,N_1.5,30,F,S,F_S,N_1.5_30_F_S,0.37337,0.36625,-0.00712,-0.00144,0,0.481,0.177,-0.304,-0.304
G28Y65_exp1A,148,1,A,N,1.5,N_1.5,30,F,S,F_S,N_1.5_30_F_S,0.33064,0.3551,0.02446,NA,NA,0.35,0.523,0.173,0.173
G33Y100_exp2A,185,2,A,N,1.5,N_1.5,30,F,S,F_S,N_1.5_30_F_S,0.29159,0.3542,0.06261,-0.0038,1,0.469,0.366,-0.103,-0.103
G28Y67_exp1A,153,1,A,N,1.5,N_1.5,30,F,S,F_S,N_1.5_30_F_S,0.57476,0.30158,-0.27318,NA,NA,0.432,0.333,-0.099,-0.099
G26Y53_exp2B,206,2,B,N,1.5,N_1.5,30,F,S,F_S,N_1.5_30_F_S,0.34752,0.2623,-0.08522,NA,NA,0.511,0.211,-0.3,-0.3
G34Y3_exp2A,193,2,A,N,1.5,N_1.5,30,S,A,S_A,N_1.5_30_S_A,0.45418,0.58098,0.1268,-0.00214,0,0.407,0.508,0.101,0.101
G28Y62_exp2B,170,2,B,N,1.5,N_1.5,30,S,A,S_A,N_1.5_30_S_A,0.46087,0.51464,0.05377,-0.00391,0,0.456,0.393,-0.063,-0.063
G34Y4_exp2A,207,2,A,N,1.5,N_1.5,30,S,A,S_A,N_1.5_30_S_A,0.55005,0.5102,-0.03985,-0.0055,1,0.318,0.484,0.166,0.166
G24Y41_exp1B,171,1,B,N,1.5,N_1.5,30,S,A,S_A,N_1.5_30_S_A,0.43474,0.45057,0.01583,NA,NA,0.188,0.486,0.298,0.298
G25Y46_exp1A,151,1,A,N,1.5,N_1.5,30,S,A,S_A,N_1.5_30_S_A,0.42208,0.44109,0.01901,-0.00276,1,0.407,0.526,0.119,0.119
G34Y5_exp2A,230,2,A,N,1.5,N_1.5,30,S,A,S_A,N_1.5_30_S_A,0.46475,0.42886,-0.03589,NA,NA,0.287,0.536,0.249,0.249
G24Y40_exp1B,166,1,B,N,1.5,N_1.5,30,S,A,S_A,N_1.5_30_S_A,0.32867,0.38554,0.05687,-0.00344,0,0.234,0.308,0.074,0.074
G34Y3_exp3A,230,3,A,N,1.5,N_1.5,30,S,A,S_A,N_1.5_30_S_A,0.34312,0.37071,0.02759,NA,NA,0.487,0.66,0.173,0.173
G28Y63_exp2B,212,2,B,N,1.5,N_1.5,30,S,A,S_A,N_1.5_30_S_A,0.41498,0.34727,-0.06771,-0.00272,1,0.506,0.429,-0.077,-0.077
W7O31_exp3B,238,3,B,N,1.5,N_1.5,30,S,A,S_A,N_1.5_30_S_A,0.42658,0.33832,-0.08826,NA,NA,0.489,0.622,0.133,0.133
W5O30_exp3B,242,3,B,N,1.5,N_1.5,30,S,A,S_A,N_1.5_30_S_A,0.40235,0.31951,-0.08284,-0.00493,1,0.48,0.632,0.152,0.152
G25Y45_exp1A,162,1,A,N,1.5,N_1.5,30,S,A,S_A,N_1.5_30_S_A,0.27828,0.30273,0.02445,-0.00185,0,0.139,0.354,0.215,0.215
G34Y4_exp3A,237,3,A,N,1.5,N_1.5,30,S,A,S_A,N_1.5_30_S_A,0.33969,0.28806,-0.05163,-0.006,1,0.195,0.431,0.236,0.236
G24Y42_exp1B,184,1,B,N,1.5,N_1.5,30,S,A,S_A,N_1.5_30_S_A,0.22565,0.24271,0.01706,-0.00251,1,0.272,0.214,-0.058,-0.058
G25Y48_exp1A,155,1,A,N,1.5,N_1.5,30,S,S,S_S,N_1.5_30_S_S,0.54739,0.56614,0.01875,-0.00327,1,0.424,0.538,0.114,0.114
G28Y65_exp2B,208,2,B,N,1.5,N_1.5,30,S,S,S_S,N_1.5_30_S_S,0.54165,0.55027,0.00862,NA,NA,0.553,0.049,-0.504,-0.504
G25Y47_exp1A,152,1,A,N,1.5,N_1.5,30,S,S,S_S,N_1.5_30_S_S,0.54086,0.5327,-0.00816,-0.00341,0,0.331,0.117,-0.214,-0.214
G24Y43_exp1B,165,1,B,N,1.5,N_1.5,30,S,S,S_S,N_1.5_30_S_S,0.47108,0.50608,0.035,-0.00358,0,0.381,0.285,-0.096,-0.096
W7O34_exp3B,252,3,B,N,1.5,N_1.5,30,S,S,S_S,N_1.5_30_S_S,0.5218,0.50318,-0.01862,-0.00196,0,0.501,0.027,-0.474,-0.474
W7O33_exp3B,247,3,B,N,1.5,N_1.5,30,S,S,S_S,N_1.5_30_S_S,0.36353,0.49273,0.1292,NA,NA,0.575,0.035,-0.54,-0.54
G34Y10_exp2A,198,2,A,N,1.5,N_1.5,30,S,S,S_S,N_1.5_30_S_S,0.50252,0.46773,-0.03479,-0.00206,0,0.501,0.366,-0.135,-0.135
G34Y11_exp2A,211,2,A,N,1.5,N_1.5,30,S,S,S_S,N_1.5_30_S_S,0.37193,0.4056,0.03367,-0.00482,1,0.179,0.459,0.28,0.28
G25Y49_exp1A,157,1,A,N,1.5,N_1.5,30,S,S,S_S,N_1.5_30_S_S,0.34508,0.40154,0.05646,NA,NA,0.456,0.285,-0.171,-0.171
G34Y11_exp3A,241,3,A,N,1.5,N_1.5,30,S,S,S_S,N_1.5_30_S_S,0.3893,0.38644,-0.00286,-0.00283,1,0.555,0.503,-0.052,-0.052
G28Y64_exp2B,188,2,B,N,1.5,N_1.5,30,S,S,S_S,N_1.5_30_S_S,0.37724,0.37982,0.00258,-0.00289,0,0.53,0.368,-0.162,-0.162
G24Y44_exp1B,173,1,B,N,1.5,N_1.5,30,S,S,S_S,N_1.5_30_S_S,0.4215,0.3698,-0.0517,NA,NA,0.394,0.515,0.121,0.121
G28Y67_exp2B,225,2,B,N,1.5,N_1.5,30,S,S,S_S,N_1.5_30_S_S,0.31516,0.33953,0.02437,-0.0041,1,0.487,0.527,0.04,0.04
W7O32_exp3B,244,3,B,N,1.5,N_1.5,30,S,S,S_S,N_1.5_30_S_S,0.25919,0.2645,0.00531,-0.00446,1,0.419,0.603,0.184,0.184
G34Y10_exp3A,239,3,A,N,1.5,N_1.5,30,S,S,S_S,N_1.5_30_S_S,0.32284,0.24839,-0.07445,-0.00452,0,0.541,0.496,-0.045,-0.045
R1W3_exp2A,174,2,A,N,18,N_18,20,F,A,F_A,N_18_20_F_A,0.41184,0.51051,0.09867,-0.00261,0,0.42,0.004,-0.416,-0.416
O15Y25_exp3B,252,3,B,N,18,N_18,20,F,A,F_A,N_18_20_F_A,0.49538,0.5095,0.01412,NA,NA,NA,NA,NA,NA
R3W10_exp1A,150,1,A,N,18,N_18,20,F,A,F_A,N_18_20_F_A,0.30323,0.4972,0.19397,-0.00265,0,0.189,0.354,0.165,0.165
R10W45_exp1B,163,1,B,N,18,N_18,20,F,A,F_A,N_18_20_F_A,0.43628,0.46542,0.02914,-0.00568,0,0.368,0.58,0.212,0.212
R10W47_exp1B,183,1,B,N,18,N_18,20,F,A,F_A,N_18_20_F_A,0.4759,0.44301,-0.03289,NA,NA,0.264,0.242,-0.022,-0.022
R17W85_exp3A,241,3,A,N,18,N_18,20,F,A,F_A,N_18_20_F_A,0.41259,0.44057,0.02798,NA,NA,NA,NA,NA,NA
R1W6_exp2A,226,2,A,N,18,N_18,20,F,A,F_A,N_18_20_F_A,0.44547,0.43198,-0.01349,NA,NA,0.255,0.229,-0.026,-0.026
R1W3_exp3A,237,3,A,N,18,N_18,20,F,A,F_A,N_18_20_F_A,0.33647,0.37253,0.03606,NA,NA,0.424,0.352,-0.072,-0.072
R1W5_exp2A,199,2,A,N,18,N_18,20,F,A,F_A,N_18_20_F_A,0.3319,0.37144,0.03954,NA,NA,0.155,0.433,0.278,0.278
R3W8_exp1A,168,1,A,N,18,N_18,20,F,A,F_A,N_18_20_F_A,0.4425,0.29388,-0.14862,-0.00378,1,0.146,0.21,0.064,0.064
R1W2_exp3A,225,3,A,N,18,N_18,20,F,A,F_A,N_18_20_F_A,0.32452,0.28384,-0.04068,NA,NA,0.341,0.207,-0.134,-0.134
R10W46_exp1B,169,1,B,N,18,N_18,20,F,A,F_A,N_18_20_F_A,0.29044,0.27559,-0.01485,-0.00288,1,0.152,0.419,0.267,0.267
O17W14_exp3B,238,3,B,N,18,N_18,20,F,A,F_A,N_18_20_F_A,0.26764,0.26103,-0.00661,NA,NA,0.421,0.564,0.143,0.143
R3W10_exp2B,194,2,B,N,18,N_18,20,F,A,F_A,N_18_20_F_A,0.22759,0.2346,0.00701,-0.00422,0,0.572,0.535,-0.037,-0.037
R3W8_exp2B,159,2,B,N,18,N_18,20,F,A,F_A,N_18_20_F_A,0.20637,0.21398,0.00761,-0.00971,1,0.571,0.595,0.024,0.024
R3W13_exp2B,223,2,B,N,18,N_18,20,F,S,F_S,N_18_20_F_S,0.51048,0.48806,-0.02242,-0.0046,1,0.517,0.592,0.075,0.075
O17W17_exp3B,251,3,B,N,18,N_18,20,F,S,F_S,N_18_20_F_S,0.50332,0.48256,-0.02076,NA,NA,0.559,0.495,-0.064,-0.064
R1W7_exp2A,185,2,A,N,18,N_18,20,F,S,F_S,N_18_20_F_S,0.51926,0.48125,-0.03801,-0.00384,1,0.456,0.588,0.132,0.132
R3W11_exp2B,174,2,B,N,18,N_18,20,F,S,F_S,N_18_20_F_S,0.38544,0.45401,0.06857,NA,NA,0.517,0.584,0.067,0.067
R3W12_exp2B,205,2,B,N,18,N_18,20,F,S,F_S,N_18_20_F_S,0.42392,0.42821,0.00429,-0.00533,0,0.593,0.611,0.018,0.018
R10W49_exp1B,171,1,B,N,18,N_18,20,F,S,F_S,N_18_20_F_S,0.3992,0.4169,0.0177,-0.00652,1,0.403,0.544,0.141,0.141
R10W48_exp1B,161,1,B,N,18,N_18,20,F,S,F_S,N_18_20_F_S,0.3926,0.39053,-0.00207,-0.00462,0,0.434,0.582,0.148,0.148
R3W11_exp1A,142,1,A,N,18,N_18,20,F,S,F_S,N_18_20_F_S,0.4379,0.37985,-0.05805,NA,NA,0.446,0.217,-0.229,-0.229
O17W15_exp3B,242,3,B,N,18,N_18,20,F,S,F_S,N_18_20_F_S,0.3642,0.34959,-0.01461,NA,NA,0.316,0.468,0.152,0.152
R1W6_exp3A,239,3,A,N,18,N_18,20,F,S,F_S,N_18_20_F_S,0.37804,0.33331,-0.04473,NA,NA,0.523,0.1,-0.423,-0.423
R3W12_exp1A,147,1,A,N,18,N_18,20,F,S,F_S,N_18_20_F_S,0.40783,0.30348,-0.10435,-0.00661,0,0.437,0.425,-0.012,-0.012
O17W20_exp3B,246,3,B,N,18,N_18,20,F,S,F_S,N_18_20_F_S,0.41456,0.29003,-0.12453,NA,NA,0.497,0.334,-0.163,-0.163
R1W5_exp3A,237,3,A,N,18,N_18,20,F,S,F_S,N_18_20_F_S,0.25989,0.28884,0.02895,NA,NA,0.484,0.344,-0.14,-0.14
R3W13_exp1A,153,1,A,N,18,N_18,20,F,S,F_S,N_18_20_F_S,0.29396,0.28575,-0.00821,-0.00492,1,0.408,0.42,0.012,0.012
R1W2_exp2A,206,2,A,N,18,N_18,20,F,S,F_S,N_18_20_F_S,0.28177,0.18933,-0.09244,-0.00321,0,0.512,0.016,-0.496,-0.496
R11W50_exp1B,166,1,B,N,18,N_18,20,S,A,S_A,N_18_20_S_A,0.49447,0.49276,-0.00171,NA,NA,0.421,0.602,0.181,0.181
R4W14_exp2B,170,2,B,N,18,N_18,20,S,A,S_A,N_18_20_S_A,0.49632,0.44924,-0.04708,-0.00411,0,0.52,0.088,-0.432,-0.432
R10W45_exp2A,192,2,A,N,18,N_18,20,S,A,S_A,N_18_20_S_A,0.45338,0.43599,-0.01739,-0.00224,0,0.473,0.082,-0.391,-0.391
R10W45_exp3A,229,3,A,N,18,N_18,20,S,A,S_A,N_18_20_S_A,0.41253,0.40426,-0.00827,NA,NA,0.321,0.141,-0.18,-0.18
R10W46_exp2A,205,2,A,N,18,N_18,20,S,A,S_A,N_18_20_S_A,0.35316,0.39352,0.04036,NA,NA,0.416,0.451,0.035,0.035
R4W15_exp2B,210,2,B,N,18,N_18,20,S,A,S_A,N_18_20_S_A,0.37408,0.39015,0.01607,-0.00752,1,0.561,0.497,-0.064,-0.064
R11W51_exp1B,171,1,B,N,18,N_18,20,S,A,S_A,N_18_20_S_A,0.35654,0.38705,0.03051,-0.00233,0,0.118,0.333,0.215,0.215
O20W34_exp3B,238,3,B,N,18,N_18,20,S,A,S_A,N_18_20_S_A,0.32093,0.35772,0.03679,NA,NA,0.306,0.336,0.03,0.03
O1B5_exp3B,256,3,B,N,18,N_18,20,S,A,S_A,N_18_20_S_A,0.4567,0.3553,-0.1014,-0.00328,1,0.139,0.585,0.446,0.446
O8G8_exp3B,238,3,B,N,18,N_18,20,S,A,S_A,N_18_20_S_A,0.29288,0.34982,0.05694,-0.00286,1,0.257,0.268,0.011,0.011
R11W52_exp1B,184,1,B,N,18,N_18,20,S,A,S_A,N_18_20_S_A,0.346,0.2989,-0.0471,-0.00439,1,0.158,0.305,0.147,0.147
R5W21_exp1A,162,1,A,N,18,N_18,20,S,A,S_A,N_18_20_S_A,0.3003,0.29285,-0.00745,-0.00419,0,0.174,0.231,0.057,0.057
R5W22_exp1A,151,1,A,N,18,N_18,20,S,A,S_A,N_18_20_S_A,0.2922,0.28733,-0.00487,-0.00533,1,0.39,0.415,0.025,0.025
R10W46_exp3A,237,3,A,N,18,N_18,20,S,A,S_A,N_18_20_S_A,0.25027,0.27228,0.02201,NA,NA,0.455,0.3,-0.155,-0.155
R10W47_exp2A,228,2,A,N,18,N_18,20,S,A,S_A,N_18_20_S_A,0.24421,0.25377,0.00956,-0.0036,1,0.506,0.384,-0.122,-0.122
R10W48_exp2A,193,2,A,N,18,N_18,20,S,S,S_S,N_18_20_S_S,0.49519,0.58659,0.0914,-0.00295,0,0.292,0.596,0.304,0.304
R4W20_exp2B,208,2,B,N,18,N_18,20,S,S,S_S,N_18_20_S_S,0.49768,0.50692,0.00924,NA,NA,0.519,0.153,-0.366,-0.366
R5W24_exp1A,150,1,A,N,18,N_18,20,S,S,S_S,N_18_20_S_S,0.49927,0.46845,-0.03082,NA,NA,0.324,0.4,0.076,0.076
R5W26_exp1A,154,1,A,N,18,N_18,20,S,S,S_S,N_18_20_S_S,0.51561,0.46785,-0.04776,-0.00531,0,0.41,0.464,0.054,0.054
R10W49_exp2A,208,2,A,N,18,N_18,20,S,S,S_S,N_18_20_S_S,0.38759,0.44481,0.05722,-0.00205,1,0.519,0.574,0.055,0.055
R11W54_exp1B,172,1,B,N,18,N_18,20,S,S,S_S,N_18_20_S_S,0.42993,0.44256,0.01263,-0.00564,1,0.378,0.163,-0.215,-0.215
R5W27_exp1A,157,1,A,N,18,N_18,20,S,S,S_S,N_18_20_S_S,0.46448,0.43356,-0.03092,-0.0065,1,0.403,0.471,0.068,0.068
O20W36_exp3B,250,3,B,N,18,N_18,20,S,S,S_S,N_18_20_S_S,0.51277,0.39576,-0.11701,NA,NA,0.577,0.54,-0.037,-0.037
O20W37_exp3B,252,3,B,N,18,N_18,20,S,S,S_S,N_18_20_S_S,0.44462,0.39408,-0.05054,NA,NA,0.018,0.227,0.209,0.209
R4W17_exp2B,188,2,B,N,18,N_18,20,S,S,S_S,N_18_20_S_S,0.27344,0.39109,0.11765,-0.00626,0,0.589,0.376,-0.213,-0.213
R4W34_exp2B,225,2,B,N,18,N_18,20,S,S,S_S,N_18_20_S_S,0.43092,0.38551,-0.04541,-0.00797,1,0.528,0.43,-0.098,-0.098
R10W47_exp3A,237,3,A,N,18,N_18,20,S,S,S_S,N_18_20_S_S,0.29748,0.34599,0.04851,NA,NA,0.439,0.355,-0.084,-0.084
R11W53_exp1B,164,1,B,N,18,N_18,20,S,S,S_S,N_18_20_S_S,0.33941,0.3283,-0.01111,-0.00468,0,0.433,0.541,0.108,0.108
O20W35_exp3B,244,3,B,N,18,N_18,20,S,S,S_S,N_18_20_S_S,0.25021,0.2418,-0.00841,NA,NA,0.338,0.5,0.162,0.162
R10W48_exp3A,239,3,A,N,18,N_18,20,S,S,S_S,N_18_20_S_S,0.42799,0.20556,-0.22243,NA,NA,0.579,0.034,-0.545,-0.545
R14W71_exp2A,202,2,A,N,18,N_18,30,F,A,F_A,N_18_30_F_A,0.4937,0.53566,0.04196,-0.00214,0,0.14,0.485,0.345,0.345
W14O66_exp3B,254,3,B,N,18,N_18,30,F,A,F_A,N_18_30_F_A,0.39939,0.50327,0.10388,NA,NA,NA,NA,NA,NA
R21W95_exp1B,170,1,B,N,18,N_18,30,F,A,F_A,N_18_30_F_A,0.43729,0.49297,0.05568,NA,NA,0.333,0.261,-0.072,-0.072
R14W70_exp2A,186,2,A,N,18,N_18,30,F,A,F_A,N_18_30_F_A,0.42322,0.49225,0.06903,NA,NA,0.44,0.482,0.042,0.042
R21W94_exp1B,166,1,B,N,18,N_18,30,F,A,F_A,N_18_30_F_A,0.43096,0.45437,0.02341,-0.00414,0,0.28,0.428,0.148,0.148
R7W36_exp2B,201,2,B,N,18,N_18,30,F,A,F_A,N_18_30_F_A,0.39149,0.42497,0.03348,-0.0075,1,0.291,0.355,0.064,0.064
R4W15_exp1A,150,1,A,N,18,N_18,30,F,A,F_A,N_18_30_F_A,0.42202,0.41526,-0.00676,-0.00183,0,0.195,0.138,-0.057,-0.057
R14W72_exp2A,228,2,A,N,18,N_18,30,F,A,F_A,N_18_30_F_A,0.356,0.39417,0.03817,-0.00454,1,0.404,0.137,-0.267,-0.267
R13W67_exp3A,241,3,A,N,18,N_18,30,F,A,F_A,N_18_30_F_A,0.44366,0.37021,-0.07345,NA,NA,0.55,0.02,-0.53,-0.53
R14W71_exp3A,237,3,A,N,18,N_18,30,F,A,F_A,N_18_30_F_A,0.28659,0.31904,0.03245,-0.00502,1,0.382,0.37,-0.012,-0.012
W15O67_exp3B,238,3,B,N,18,N_18,30,F,A,F_A,N_18_30_F_A,0.45057,0.31435,-0.13622,-0.00938,0,0.137,0.527,0.39,0.39
R7W35_exp2B,168,2,B,N,18,N_18,30,F,A,F_A,N_18_30_F_A,0.16743,0.29641,0.12898,NA,NA,0.252,0.098,-0.154,-0.154
R14W70_exp3A,227,3,A,N,18,N_18,30,F,A,F_A,N_18_30_F_A,0.28406,0.26614,-0.01792,-0.00326,0,0.44,0.406,-0.034,-0.034
R4W14_exp1A,168,1,A,N,18,N_18,30,F,A,F_A,N_18_30_F_A,0.27462,0.22721,-0.04741,-0.00411,1,0.167,0.173,0.006,0.006
R21W97_exp1B,184,1,B,N,18,N_18,30,F,A,F_A,N_18_30_F_A,0.23799,0.22613,-0.01186,-0.0043,1,0.241,0.199,-0.042,-0.042
R21W100_exp1B,163,1,B,N,18,N_18,30,F,S,F_S,N_18_30_F_S,0.45572,0.49329,0.03757,-0.00329,0,0.428,0.534,0.106,0.106
R7W39_exp2B,223,2,B,N,18,N_18,30,F,S,F_S,N_18_30_F_S,0.51816,0.4677,-0.05046,NA,NA,0.519,0.366,-0.153,-0.153
W15O71_exp3B,246,3,B,N,18,N_18,30,F,S,F_S,N_18_30_F_S,0.41978,0.45714,0.03736,-0.00587,1,0.041,0.49,0.449,0.449
R4W20_exp1A,149,1,A,N,18,N_18,30,F,S,F_S,N_18_30_F_S,0.37622,0.44759,0.07137,NA,NA,0.38,0.441,0.061,0.061
R14W73_exp2A,193,2,A,N,18,N_18,30,F,S,F_S,N_18_30_F_S,0.40791,0.4449,0.03699,-0.00155,0,0.466,0.451,-0.015,-0.015
R7W37_exp2B,175,2,B,N,18,N_18,30,F,S,F_S,N_18_30_F_S,0.37152,0.44273,0.07121,-0.00662,0,0.539,0.056,-0.483,-0.483
W15O70_exp3B,249,3,B,N,18,N_18,30,F,S,F_S,N_18_30_F_S,0.36085,0.43894,0.07809,NA,NA,0.576,0.026,-0.55,-0.55
R7W38_exp2B,207,2,B,N,18,N_18,30,F,S,F_S,N_18_30_F_S,0.39041,0.4028,0.01239,-0.00493,1,0.549,0.358,-0.191,-0.191
R4W34_exp1A,153,1,A,N,18,N_18,30,F,S,F_S,N_18_30_F_S,0.47592,0.36982,-0.1061,-0.00551,1,0.473,0.192,-0.281,-0.281
R14W74_exp2A,207,2,A,N,18,N_18,30,F,S,F_S,N_18_30_F_S,0.35628,0.34112,-0.01516,-0.00291,1,0.423,0.007,-0.416,-0.416
R4W17_exp1A,142,1,A,N,18,N_18,30,F,S,F_S,N_18_30_F_S,0.37975,0.32815,-0.0516,-0.00539,0,0.429,0.13,-0.299,-0.299
R14W72_exp3A,237,3,A,N,18,N_18,30,F,S,F_S,N_18_30_F_S,0.34287,0.30194,-0.04093,NA,NA,0.349,0.314,-0.035,-0.035
W15O69_exp3B,242,3,B,N,18,N_18,30,F,S,F_S,N_18_30_F_S,0.43784,0.29277,-0.14507,-0.00694,1,0.381,0.575,0.194,0.194
R21W55_exp1B,171,1,B,N,18,N_18,30,F,S,F_S,N_18_30_F_S,0.33537,0.27216,-0.06321,-0.00452,1,0.146,0.497,0.351,0.351
R14W73_exp3A,239,3,A,N,18,N_18,30,F,S,F_S,N_18_30_F_S,0.24836,0.25637,0.00801,-0.00229,0,0.569,0.517,-0.052,-0.052
R6W29_exp1A,151,1,A,N,18,N_18,30,S,A,S_A,N_18_30_S_A,0.29788,0.49467,0.19679,-0.00434,0,0.35,0.331,-0.019,-0.019
R8W40_exp2B,170,2,B,N,18,N_18,30,S,A,S_A,N_18_30_S_A,0.5265,0.48958,-0.03692,-0.00519,0,0.49,0.492,0.002,0.002
R17W80_exp1B,167,1,B,N,18,N_18,30,S,A,S_A,N_18_30_S_A,0.49864,0.45142,-0.04722,NA,NA,0.364,0.361,-0.003,-0.003
W16O73_exp3B,241,3,B,N,18,N_18,30,S,A,S_A,N_18_30_S_A,0.46974,0.4338,-0.03594,-0.00668,0,0.523,0.371,-0.152,-0.152
W15O72_exp3B,257,3,B,N,18,N_18,30,S,A,S_A,N_18_30_S_A,0.467,0.43024,-0.03676,NA,NA,0.548,0.535,-0.013,-0.013
R15W75_exp3A,232,3,A,N,18,N_18,30,S,A,S_A,N_18_30_S_A,0.32752,0.37906,0.05154,NA,NA,0.467,0.419,-0.048,-0.048
R14W74_exp3A,240,3,A,N,18,N_18,30,S,A,S_A,N_18_30_S_A,0.34465,0.37563,0.03098,-0.00545,1,0.445,0.084,-0.361,-0.361
R8W41_exp2B,212,2,B,N,18,N_18,30,S,A,S_A,N_18_30_S_A,0.33821,0.35491,0.0167,-0.00515,1,0.493,0.395,-0.098,-0.098
R6W28_exp1A,163,1,A,N,18,N_18,30,S,A,S_A,N_18_30_S_A,0.34328,0.32042,-0.02286,-0.00566,1,0.164,0.209,0.045,0.045
R17W82_exp1B,177,1,B,N,18,N_18,30,S,A,S_A,N_18_30_S_A,0.31095,0.31816,0.00721,NA,NA,0.164,0.358,0.194,0.194
R15W76_exp3A,237,3,A,N,18,N_18,30,S,A,S_A,N_18_30_S_A,0.33469,0.30427,-0.03042,-0.00268,0,0.41,0.346,-0.064,-0.064
R15W75_exp2A,194,2,A,N,18,N_18,30,S,A,S_A,N_18_30_S_A,0.29115,0.29161,0.00046,-0.00328,0,0.377,0.371,-0.006,-0.006
R15W77_exp2A,231,2,A,N,18,N_18,30,S,A,S_A,N_18_30_S_A,0.23965,0.25381,0.01416,-0.00374,1,0.243,0.527,0.284,0.284
R17W83_exp1B,184,1,B,N,18,N_18,30,S,A,S_A,N_18_30_S_A,0.2422,0.22449,-0.01771,-0.00306,1,0.198,0.209,0.011,0.011
R15W76_exp2A,209,2,A,N,18,N_18,30,S,A,S_A,N_18_30_S_A,0.16698,0.18166,0.01468,NA,NA,0.537,0.433,-0.104,-0.104
R8W42_exp2B,191,2,B,N,18,N_18,30,S,S,S_S,N_18_30_S_S,0.43877,0.49816,0.05939,NA,NA,0.571,0.353,-0.218,-0.218
R8W44_exp2B,226,2,B,N,18,N_18,30,S,S,S_S,N_18_30_S_S,0.48504,0.47503,-0.01001,-0.00322,1,0.439,0.275,-0.164,-0.164
R15W78_exp2A,193,2,A,N,18,N_18,30,S,S,S_S,N_18_30_S_S,0.38303,0.45602,0.07299,-0.00191,0,0.407,0.198,-0.209,-0.209
R6W31_exp1A,155,1,A,N,18,N_18,30,S,S,S_S,N_18_30_S_S,0.51761,0.45129,-0.06632,-0.00451,1,0.296,0.201,-0.095,-0.095
R17W84_exp1B,166,1,B,N,18,N_18,30,S,S,S_S,N_18_30_S_S,0.46282,0.44883,-0.01399,NA,0,0.413,0.507,0.094,0.094
R15W78_exp3A,239,3,A,N,18,N_18,30,S,S,S_S,N_18_30_S_S,0.37728,0.43428,0.057,-0.00574,0,0.548,0.044,-0.504,-0.504
W16O74_exp3B,244,3,B,N,18,N_18,30,S,S,S_S,N_18_30_S_S,0.43218,0.43062,-0.00156,-0.00886,1,0.461,0.659,0.198,0.198
W16O76_exp3B,252,3,B,N,18,N_18,30,S,S,S_S,N_18_30_S_S,0.41796,0.42876,0.0108,NA,NA,0.528,0.501,-0.027,-0.027
R15W79_exp2A,218,2,A,N,18,N_18,30,S,S,S_S,N_18_30_S_S,0.44689,0.38846,-0.05843,-0.00338,1,0.36,0.348,-0.012,-0.012
R15W77_exp3A,237,3,A,N,18,N_18,30,S,S,S_S,N_18_30_S_S,0.38887,0.37202,-0.01685,-0.00294,1,0.233,0.271,0.038,0.038
R8W43_exp2B,209,2,B,N,18,N_18,30,S,S,S_S,N_18_30_S_S,0.41816,0.36555,-0.05261,-0.0097,0,0.528,0.375,-0.153,-0.153
W16O75_exp3B,247,3,B,N,18,N_18,30,S,S,S_S,N_18_30_S_S,0.3833,0.36368,-0.01962,NA,0,0.586,0.164,-0.422,-0.422
R6W30_exp1A,152,1,A,N,18,N_18,30,S,S,S_S,N_18_30_S_S,0.56164,0.32105,-0.24059,-0.00423,0,0.372,0.42,0.048,0.048
R17W85_exp1B,173,1,B,N,18,N_18,30,S,S,S_S,N_18_30_S_S,0.42802,0.28064,-0.14738,-0.00277,1,0.371,0.519,0.148,0.148
R6W32_exp1A,159,1,A,N,18,N_18,30,S,S,S_S,N_18_30_S_S,0.37157,0.26915,-0.10242,NA,NA,0.409,0.4,-0.009,-0.009
Y3B25_exp2A,174,2,A,N,5,N_5,20,F,A,F_A,N_5_20_F_A,0.56032,0.51719,-0.04313,NA,NA,0.446,0.579,0.133,0.133
Y3B27_exp2A,226,2,A,N,5,N_5,20,F,A,F_A,N_5_20_F_A,0.47866,0.45298,-0.02568,-0.00416,1,0.321,0.54,0.219,0.219
Y1B8_exp1A,150,1,A,N,5,N_5,20,F,A,F_A,N_5_20_F_A,0.34953,0.44542,0.09589,-0.00573,0,0.12,0.429,0.309,0.309
Y5B35_exp1B,160,1,B,N,5,N_5,20,F,A,F_A,N_5_20_F_A,0.42005,0.43858,0.01853,-0.00524,0,0.311,0.235,-0.076,-0.076
Y5B37_exp1B,183,1,B,N,5,N_5,20,F,A,F_A,N_5_20_F_A,0.46161,0.3995,-0.06211,NA,NA,0.239,0.489,0.25,0.25
Y1B8_exp2B,192,2,B,N,5,N_5,20,F,A,F_A,N_5_20_F_A,0.32396,0.36534,0.04138,-0.00154,1,0.536,0.152,-0.384,-0.384
O12Y2_exp3B,242,3,B,N,5,N_5,20,F,A,F_A,N_5_20_F_A,0.29581,0.34989,0.05408,-0.00434,1,0.265,0.348,0.083,0.083
Y1B5_exp1A,168,1,A,N,5,N_5,20,F,A,F_A,N_5_20_F_A,0.28413,0.34716,0.06303,-0.00522,1,0.169,0.308,0.139,0.139
Y3B26_exp2A,199,2,A,N,5,N_5,20,F,A,F_A,N_5_20_F_A,0.26591,0.32838,0.06247,-0.00193,0,0.198,0.355,0.157,0.157
Y2B13_exp3A,240,3,A,N,5,N_5,20,F,A,F_A,N_5_20_F_A,0.41221,0.32704,-0.08517,NA,NA,0.569,0.163,-0.406,-0.406
O12Y1_exp3B,238,3,B,N,5,N_5,20,F,A,F_A,N_5_20_F_A,0.34957,0.29678,-0.05279,-0.00373,0,0.297,0.288,-0.009,-0.009
Y2B15_exp3A,237,3,A,N,5,N_5,20,F,A,F_A,N_5_20_F_A,0.31219,0.29637,-0.01582,NA,NA,0.518,0.221,-0.297,-0.297
Y1B5_exp2B,159,2,B,N,5,N_5,20,F,A,F_A,N_5_20_F_A,0.29916,0.28204,-0.01712,-0.00349,0,0.483,0.529,0.046,0.046
Y5B36_exp1B,169,1,B,N,5,N_5,20,F,A,F_A,N_5_20_F_A,0.34876,0.26794,-0.08082,-0.00243,1,0.226,0.438,0.212,0.212
Y2B14_exp3A,225,3,A,N,5,N_5,20,F,A,F_A,N_5_20_F_A,0.30474,0.23991,-0.06483,NA,NA,0.374,0.246,-0.128,-0.128
Y1B12_exp2B,223,2,B,N,5,N_5,20,F,S,F_S,N_5_20_F_S,0.55786,0.58101,0.02315,-0.00248,1,0.447,0.04,-0.407,-0.407
Y3B29_exp2A,206,2,A,N,5,N_5,20,F,S,F_S,N_5_20_F_S,0.38047,0.48334,0.10287,-0.00519,1,0.226,0.512,0.286,0.286
Y5B39_exp1B,171,1,B,N,5,N_5,20,F,S,F_S,N_5_20_F_S,0.54296,0.46582,-0.07714,-0.00484,1,0.392,0.591,0.199,0.199
Y20B97_exp3A,240,3,A,N,5,N_5,20,F,S,F_S,N_5_20_F_S,0.37051,0.44286,0.07235,NA,NA,NA,NA,NA,NA
Y5B38_exp1B,161,1,B,N,5,N_5,20,F,S,F_S,N_5_20_F_S,0.44213,0.44129,-0.00084,-0.00654,0,0.414,0.567,0.153,0.153
Y1B10_exp2B,171,2,B,N,5,N_5,20,F,S,F_S,N_5_20_F_S,0.36498,0.39891,0.03393,-0.00439,0,0.448,0.543,0.095,0.095
Y3B28_exp2A,185,2,A,N,5,N_5,20,F,S,F_S,N_5_20_F_S,0.38741,0.39055,0.00314,-0.00213,0,0.477,0.017,-0.46,-0.46
Y1B11_exp1A,147,1,A,N,5,N_5,20,F,S,F_S,N_5_20_F_S,0.41588,0.39029,-0.02559,NA,NA,0.438,0.415,-0.023,-0.023
O12Y4_exp3B,246,3,B,N,5,N_5,20,F,S,F_S,N_5_20_F_S,0.30641,0.37523,0.06882,-0.0023,0,0.503,0.558,0.055,0.055
Y1B12_exp1A,153,1,A,N,5,N_5,20,F,S,F_S,N_5_20_F_S,0.30919,0.37433,0.06514,-0.00391,1,0.415,0.225,-0.19,-0.19
O12Y3_exp3B,251,3,B,N,5,N_5,20,F,S,F_S,N_5_20_F_S,0.30248,0.36004,0.05756,NA,NA,0.45,0.594,0.144,0.144
O12Y5_exp3B,256,3,B,N,5,N_5,20,F,S,F_S,N_5_20_F_S,0.44963,0.33547,-0.11416,NA,1,0.574,0.527,-0.047,-0.047
Y1B10_exp1A,142,1,A,N,5,N_5,20,F,S,F_S,N_5_20_F_S,0.29754,0.31786,0.02032,-0.00462,0,0.35,0.286,-0.064,-0.064
Y1B11_exp2B,205,2,B,N,5,N_5,20,F,S,F_S,N_5_20_F_S,0.26914,0.26347,-0.00567,NA,NA,0.599,0.62,0.021,0.021
Y2B22_exp3A,237,3,A,N,5,N_5,20,F,S,F_S,N_5_20_F_S,0.24672,0.24707,0.00035,NA,NA,0.623,0.229,-0.394,-0.394
Y4B31_exp2A,204,2,A,N,5,N_5,20,S,A,S_A,N_5_20_S_A,0.47659,0.55206,0.07547,-0.00308,1,0.445,0.556,0.111,0.111
Y13B70_exp1B,166,1,B,N,5,N_5,20,S,A,S_A,N_5_20_S_A,0.45395,0.48165,0.0277,-0.00815,0,0.148,0.391,0.243,0.243
Y13B71_exp1B,171,1,B,N,5,N_5,20,S,A,S_A,N_5_20_S_A,0.45475,0.47823,0.02348,NA,NA,0.293,0.52,0.227,0.227
Y3B25_exp3A,229,3,A,N,5,N_5,20,S,A,S_A,N_5_20_S_A,0.41798,0.44262,0.02464,NA,NA,0.358,0.235,-0.123,-0.123
Y3B26_exp3A,237,3,A,N,5,N_5,20,S,A,S_A,N_5_20_S_A,0.39973,0.43904,0.03931,NA,NA,0.463,0.157,-0.306,-0.306
Y5B36_exp2B,209,2,B,N,5,N_5,20,S,A,S_A,N_5_20_S_A,0.35993,0.43286,0.07293,-0.00664,1,0.5,0.564,0.064,0.064
Y10B51_exp1A,150,1,A,N,5,N_5,20,S,A,S_A,N_5_20_S_A,0.31092,0.39967,0.08875,-0.00585,0,0.203,0.135,-0.068,-0.068
Y2B24_exp3A,239,3,A,N,5,N_5,20,S,A,S_A,N_5_20_S_A,0.46635,0.36254,-0.10381,NA,NA,0.601,0.273,-0.328,-0.328
O13Y7_exp3B,238,3,B,N,5,N_5,20,S,A,S_A,N_5_20_S_A,0.35823,0.34232,-0.01591,-0.00635,0,0.213,0.379,0.166,0.166
Y4B30_exp2A,187,2,A,N,5,N_5,20,S,A,S_A,N_5_20_S_A,0.40788,0.32819,-0.07969,-0.0031,0,0.229,0.398,0.169,0.169
Y10B50_exp1A,168,1,A,N,5,N_5,20,S,A,S_A,N_5_20_S_A,0.3779,0.31839,-0.05951,NA,1,0.215,0.242,0.027,0.027
Y5B35_exp2B,169,2,B,N,5,N_5,20,S,A,S_A,N_5_20_S_A,0.29532,0.30086,0.00554,-0.00245,0,0.508,0.527,0.019,0.019
Y13B72_exp1B,184,1,B,N,5,N_5,20,S,A,S_A,N_5_20_S_A,0.2818,0.297,0.0152,-0.00572,1,0.143,0.365,0.222,0.222
Y4B32_exp2A,228,2,A,N,5,N_5,20,S,A,S_A,N_5_20_S_A,0.31263,0.26493,-0.0477,NA,NA,0.22,0.516,0.296,0.296
O13Y8_exp3B,244,3,B,N,5,N_5,20,S,A,S_A,N_5_20_S_A,0.3824,0.20745,-0.17495,-0.0064,1,0.42,0.514,0.094,0.094
Y4B34_exp2A,208,2,A,N,5,N_5,20,S,S,S_S,N_5_20_S_S,0.48327,0.49206,0.00879,-0.00551,1,0.54,0.416,-0.124,-0.124
Y10B54_exp1A,157,1,A,N,5,N_5,20,S,S,S_S,N_5_20_S_S,0.33873,0.48563,0.1469,-0.00616,1,0.397,0.445,0.048,0.048
Y13B73_exp1B,164,1,B,N,5,N_5,20,S,S,S_S,N_5_20_S_S,0.41623,0.45895,0.04272,-0.00357,0,0.381,0.491,0.11,0.11
Y5B37_exp2B,186,2,B,N,5,N_5,20,S,S,S_S,N_5_20_S_S,0.4709,0.45351,-0.01739,-0.0044,0,0.586,0.489,-0.097,-0.097
Y4B33_exp2A,186,2,A,N,5,N_5,20,S,S,S_S,N_5_20_S_S,0.41212,0.4405,0.02838,-0.00333,0,0.508,0.591,0.083,0.083
O13Y10_exp3B,249,3,B,N,5,N_5,20,S,S,S_S,N_5_20_S_S,0.41186,0.43245,0.02059,-0.00717,0,0.578,0.553,-0.025,-0.025
Y13B74_exp1B,172,1,B,N,5,N_5,20,S,S,S_S,N_5_20_S_S,0.39784,0.42915,0.03131,-0.00353,1,0.429,0.426,-0.003,-0.003
Y5B38_exp2B,208,2,B,N,5,N_5,20,S,S,S_S,N_5_20_S_S,0.40642,0.4237,0.01728,NA,NA,0.485,0.233,-0.252,-0.252
Y10B53_exp1A,154,1,A,N,5,N_5,20,S,S,S_S,N_5_20_S_S,0.4683,0.41632,-0.05198,-0.00347,0,0.351,0.377,0.026,0.026
O13Y12_exp3B,241,3,B,N,5,N_5,20,S,S,S_S,N_5_20_S_S,0.34013,0.38857,0.04844,NA,NA,0.033,0.028,-0.005,-0.005
Y3B27_exp3A,237,3,A,N,5,N_5,20,S,S,S_S,N_5_20_S_S,0.36674,0.37327,0.00653,NA,NA,0.529,0.216,-0.313,-0.313
O13Y11_exp3B,252,3,B,N,5,N_5,20,S,S,S_S,N_5_20_S_S,0.28635,0.35266,0.06631,-0.00498,1,0.59,0.617,0.027,0.027
Y5B39_exp2B,225,2,B,N,5,N_5,20,S,S,S_S,N_5_20_S_S,0.31399,0.33787,0.02388,-0.00634,1,0.567,0.598,0.031,0.031
Y3B28_exp3A,239,3,A,N,5,N_5,20,S,S,S_S,N_5_20_S_S,0.44592,0.31005,-0.13587,NA,NA,0.571,0.051,-0.52,-0.52
Y10B52_exp1A,151,1,A,N,5,N_5,20,S,S,S_S,N_5_20_S_S,0.41668,0.28326,-0.13342,NA,NA,0.379,0.362,-0.017,-0.017
Y12B63_exp2A,202,2,A,N,5,N_5,30,F,A,F_A,N_5_30_F_A,0.37987,0.55721,0.17734,NA,NA,0.403,0.42,0.017,0.017
Y7B41_exp1B,170,1,B,N,5,N_5,30,F,A,F_A,N_5_30_F_A,0.5122,0.47546,-0.03674,-0.00584,1,0.375,0.315,-0.06,-0.06
W10O45_exp3B,254,3,B,N,5,N_5,30,F,A,F_A,N_5_30_F_A,0.40541,0.46495,0.05954,NA,NA,NA,NA,NA,NA
Y2B13_exp1A,168,1,A,N,5,N_5,30,F,A,F_A,N_5_30_F_A,0.50789,0.43789,-0.07,-0.00357,1,0.142,0.445,0.303,0.303
Y8B45_exp3A,226,3,A,N,5,N_5,30,F,A,F_A,N_5_30_F_A,0.42098,0.43465,0.01367,NA,NA,0.374,0.407,0.033,0.033
Y7B44_exp3A,241,3,A,N,5,N_5,30,F,A,F_A,N_5_30_F_A,0.44561,0.39899,-0.04662,NA,NA,NA,NA,NA,NA
Y2B14_exp1A,150,1,A,N,5,N_5,30,F,A,F_A,N_5_30_F_A,0.40848,0.38291,-0.02557,-0.00332,0,0.147,0.481,0.334,0.334
Y7B40_exp1B,165,1,B,N,5,N_5,30,F,A,F_A,N_5_30_F_A,0.37687,0.37112,-0.00575,-0.00392,0,0.297,0.187,-0.11,-0.11
Y12B62_exp2A,186,2,A,N,5,N_5,30,F,A,F_A,N_5_30_F_A,0.31773,0.35392,0.03619,-0.00155,0,0.447,0.514,0.067,0.067
W11O46_exp3B,238,3,B,N,5,N_5,30,F,A,F_A,N_5_30_F_A,0.34734,0.35,0.00266,-0.00666,0,0.405,0.468,0.063,0.063
Y14B76_exp2B,197,2,B,N,5,N_5,30,F,A,F_A,N_5_30_F_A,0.36979,0.3296,-0.04019,-0.00258,1,0.531,0.327,-0.204,-0.204
Y12B64_exp2A,227,2,A,N,5,N_5,30,F,A,F_A,N_5_30_F_A,0.24601,0.31674,0.07073,NA,NA,0.322,0.557,0.235,0.235
Y7B42_exp1B,183,1,B,N,5,N_5,30,F,A,F_A,N_5_30_F_A,0.33702,0.30991,-0.02711,NA,NA,0.163,0.07,-0.093,-0.093
Y8B46_exp3A,237,3,A,N,5,N_5,30,F,A,F_A,N_5_30_F_A,0.21599,0.30978,0.09379,-0.00402,0,0.461,0.552,0.091,0.091
Y14B75_exp2B,168,2,B,N,5,N_5,30,F,A,F_A,N_5_30_F_A,0.2059,0.15025,-0.05565,-0.00284,0,0.502,0.283,-0.219,-0.219
Y12B65_exp2A,192,2,A,N,5,N_5,30,F,S,F_S,N_5_30_F_S,0.50342,0.55571,0.05229,-0.00139,0,0.454,0.251,-0.203,-0.203
Y7B43_exp1B,163,1,B,N,5,N_5,30,F,S,F_S,N_5_30_F_S,0.50146,0.52009,0.01863,-0.00401,0,0.366,0.376,0.01,0.01
Y2B15_exp1A,142,1,A,N,5,N_5,30,F,S,F_S,N_5_30_F_S,0.44306,0.46771,0.02465,NA,NA,0.375,0.199,-0.176,-0.176
W11O49_exp3B,246,3,B,N,5,N_5,30,F,S,F_S,N_5_30_F_S,0.43694,0.44149,0.00455,-0.00472,1,0.026,0.39,0.364,0.364
Y14B78_exp2B,207,2,B,N,5,N_5,30,F,S,F_S,N_5_30_F_S,0.40872,0.42066,0.01194,NA,NA,0.503,0.008,-0.495,-0.495
Y12B67_exp2A,207,2,A,N,5,N_5,30,F,S,F_S,N_5_30_F_S,0.45731,0.41683,-0.04048,-0.00654,1,0.407,0.006,-0.401,-0.401
Y2B22_exp1A,149,1,A,N,5,N_5,30,F,S,F_S,N_5_30_F_S,0.39515,0.39796,0.00281,-0.00354,0,0.426,0.4,-0.026,-0.026
W11O48_exp3B,251,3,B,N,5,N_5,30,F,S,F_S,N_5_30_F_S,0.48624,0.39583,-0.09041,-0.00421,0,0.588,0.581,-0.007,-0.007
Y2B24_exp1A,153,1,A,N,5,N_5,30,F,S,F_S,N_5_30_F_S,0.34859,0.39504,0.04645,-0.00456,1,0.428,0.291,-0.137,-0.137
Y7B44_exp1B,171,1,B,N,5,N_5,30,F,S,F_S,N_5_30_F_S,0.35742,0.37685,0.01943,-0.00505,1,0.439,0.497,0.058,0.058
Y8B47_exp3A,237,3,A,N,5,N_5,30,F,S,F_S,N_5_30_F_S,0.52588,0.33436,-0.19152,-0.00628,1,0.267,0.448,0.181,0.181
Y14B79_exp2B,223,2,B,N,5,N_5,30,F,S,F_S,N_5_30_F_S,0.37421,0.33068,-0.04353,-0.003,1,0.528,0.101,-0.427,-0.427
W11O47_exp3B,242,3,B,N,5,N_5,30,F,S,F_S,N_5_30_F_S,0.35303,0.32574,-0.02729,-0.00402,1,0.514,0.373,-0.141,-0.141
Y8B48_exp3A,239,3,A,N,5,N_5,30,F,S,F_S,N_5_30_F_S,0.53483,0.32319,-0.21164,-0.00419,0,0.53,0.479,-0.051,-0.051
Y14B77_exp2B,175,2,B,N,5,N_5,30,F,S,F_S,N_5_30_F_S,0.33376,0.32176,-0.012,-0.00621,0,0.57,0.392,-0.178,-0.178
Y8B45_exp1B,167,1,B,N,5,N_5,30,S,A,S_A,N_5_30_S_A,0.49926,0.52608,0.02682,NA,NA,0.411,0.445,0.034,0.034
Y15B80_exp2B,170,2,B,N,5,N_5,30,S,A,S_A,N_5_30_S_A,0.53807,0.50502,-0.03305,-0.00494,0,0.505,0.401,-0.104,-0.104
W11O50_exp3B,256,3,B,N,5,N_5,30,S,A,S_A,N_5_30_S_A,0.50123,0.43567,-0.06556,NA,NA,0.45,0.01,-0.44,-0.44
W8O40_exp3B,243,3,B,N,5,N_5,30,S,A,S_A,N_5_30_S_A,0.44436,0.42076,-0.0236,NA,NA,NA,NA,NA,NA
W12O51_exp3B,241,3,B,N,5,N_5,30,S,A,S_A,N_5_30_S_A,0.56181,0.38822,-0.17359,-0.00768,0,0.53,0.037,-0.493,-0.493
Y12B62_exp3A,232,3,A,N,5,N_5,30,S,A,S_A,N_5_30_S_A,0.34181,0.38612,0.04431,-0.00208,0,0.409,0.521,0.112,0.112
Y8B46_exp1B,171,1,B,N,5,N_5,30,S,A,S_A,N_5_30_S_A,0.3227,0.36168,0.03898,-0.00273,0,0.286,0.464,0.178,0.178
Y12B63_exp3A,237,3,A,N,5,N_5,30,S,A,S_A,N_5_30_S_A,0.31573,0.34475,0.02902,-0.00357,1,0.284,0.391,0.107,0.107
Y15B82_exp2B,212,2,B,N,5,N_5,30,S,A,S_A,N_5_30_S_A,0.30782,0.30427,-0.00355,-0.00394,1,0.281,0.444,0.163,0.163
Y14B75_exp1A,162,1,A,N,5,N_5,30,S,A,S_A,N_5_30_S_A,0.3356,0.2993,-0.0363,-0.00466,1,0.073,0.192,0.119,0.119
Y13B70_exp2A,194,2,A,N,5,N_5,30,S,A,S_A,N_5_30_S_A,0.25409,0.28425,0.03016,-0.00136,0,0.262,0.252,-0.01,-0.01
Y14B76_exp1A,151,1,A,N,5,N_5,30,S,A,S_A,N_5_30_S_A,0.23009,0.27262,0.04253,-0.0058,0,0.375,0.168,-0.207,-0.207
Y13B72_exp2A,231,2,A,N,5,N_5,30,S,A,S_A,N_5_30_S_A,0.25017,0.22645,-0.02372,-0.00229,1,0.342,0.311,-0.031,-0.031
Y8B47_exp1B,184,1,B,N,5,N_5,30,S,A,S_A,N_5_30_S_A,0.209,0.17092,-0.03808,-0.0041,1,0.34,0.221,-0.119,-0.119
Y13B71_exp2A,207,2,A,N,5,N_5,30,S,A,S_A,N_5_30_S_A,0.40114,0.41789,0.01675,NA,NA,0.423,0.042,-0.381,-0.381
Y14B78_exp1A,155,1,A,N,5,N_5,30,S,S,S_S,N_5_30_S_S,0.42542,0.4783,0.05288,-0.00367,1,NA,NA,NA,NA
Y8B48_exp1B,166,1,B,N,5,N_5,30,S,S,S_S,N_5_30_S_S,0.45511,0.4673,0.01219,-0.00393,0,0.367,0.311,-0.056,-0.056
Y8B49_exp1B,173,1,B,N,5,N_5,30,S,S,S_S,N_5_30_S_S,0.4498,0.44882,-0.00098,-0.00425,1,0.431,0.525,0.094,0.094
Y15B85_exp2B,226,2,B,N,5,N_5,30,S,S,S_S,N_5_30_S_S,0.40015,0.44639,0.04624,NA,NA,0.586,0.56,-0.026,-0.026
W12O54_exp3B,252,3,B,N,5,N_5,30,S,S,S_S,N_5_30_S_S,0.61088,0.44467,-0.16621,NA,NA,0.133,0.318,0.185,0.185
Y13B73_exp2A,193,2,A,N,5,N_5,30,S,S,S_S,N_5_30_S_S,0.4076,0.44053,0.03293,-0.00267,0,0.497,0.106,-0.391,-0.391
Y14B77_exp1A,152,1,A,N,5,N_5,30,S,S,S_S,N_5_30_S_S,0.4288,0.41498,-0.01382,-0.00237,0,0.348,0.433,0.085,0.085
Y13B74_exp2A,218,2,A,N,5,N_5,30,S,S,S_S,N_5_30_S_S,0.41627,0.41021,-0.00606,-0.00496,1,0.467,0.147,-0.32,-0.32
Y12B65_exp3A,239,3,A,N,5,N_5,30,S,S,S_S,N_5_30_S_S,0.39174,0.39538,0.00364,-0.00512,0,0.571,0.561,-0.01,-0.01
W12O52_exp3B,244,3,B,N,5,N_5,30,S,S,S_S,N_5_30_S_S,0.31219,0.39137,0.07918,-0.00794,1,0.343,0.637,0.294,0.294
Y15B83_exp2B,189,2,B,N,5,N_5,30,S,S,S_S,N_5_30_S_S,0.34114,0.3871,0.04596,-0.00408,0,0.534,0.341,-0.193,-0.193
Y14B79_exp1A,159,1,A,N,5,N_5,30,S,S,S_S,N_5_30_S_S,0.54401,0.35198,-0.19203,NA,NA,0.409,0.41,0.001,0.001
W12O53_exp3B,247,3,B,N,5,N_5,30,S,S,S_S,N_5_30_S_S,0.43556,0.33893,-0.09663,-0.00552,0,0.574,0.375,-0.199,-0.199
Y15B84_exp2B,209,2,B,N,5,N_5,30,S,S,S_S,N_5_30_S_S,0.34223,0.33846,-0.00377,NA,NA,0.555,0.428,-0.127,-0.127
Y12B64_exp3A,237,3,A,N,5,N_5,30,S,S,S_S,N_5_30_S_S,0.26412,0.1923,-0.07182,NA,NA,0.652,0.649,-0.003,-0.003
