beetag_exprun,col_num,exp_num,subrun,N_species,N_dose,N_species_dose,temp,food,sym_state,food_sym_state,treat_ID,red_day1,red_day11,red_delta,resp_rate,e_coli_plate,PAM_avg_day1,PAM_avg_day11,PAM_delta,log_PAM_delta
G37Y30_exp2B,216,2,B,A,5,A_5,20,S,A,S_A,A_5_20_S_A,0.39516,0.40329,0.00813,-0.00505,1,0.27,0.331,0.061,-2.796881415
G35Y24_exp2A,220,2,A,A,5,A_5,30,F,S,F_S,A_5_30_F_S,0.48458,0.4443,-0.04028,NA,NA,0.444,0.061,-0.383,-0.95972029
G38Y37_exp1B,167,1,B,A,5,A_5,20,S,S,S_S,A_5_20_S_S,0.67775,0.71221,0.03446,-0.00375,0,0.264,0.252,-0.012,-4.422848629
G27Y59_exp1A,157,1,A,A,5,A_5,20,S,S,S_S,A_5_20_S_S,0.59235,0.66727,0.07492,-0.00559,1,0.396,0.517,0.121,-2.111964733
G36Y22_exp2B,170,2,B,A,5,A_5,20,F,A,F_A,A_5_20_F_A,0.63516,0.63504,-0.00012,-0.00396,0,0.428,0.063,-0.365,-1.007857925
Y23B1927_exp1B,167,1,B,A,7.5,A_7.5,20,S,S,S_S,A_7.5_20_S_S,0.4624,0.63279,0.17039,-0.00293,0,0.381,0.529,0.148,-1.910543005
G32Y93_exp3A,241,3,A,A,5,A_5,20,S,S,S_S,A_5_20_S_S,0.53379,0.62806,0.09427,-0.01322,1,0.586,0.088,-0.498,-0.697155202
W20O87_exp3B,256,3,B,A,10,A_10,30,S,S,S_S,A_10_30_S_S,0.57907,0.62511,0.04604,NA,NA,0.554,0.559,0.005,-5.298317367
W3O17_exp3B,252,3,B,A,0,A_0,30,F,S,F_S,CNTRL_30_F_S,0.58953,0.60997,0.02044,-0.0032,1,0.537,0.217,-0.32,-1.139434283
B33G95_exp1A,157,1,A,A,0,A_0,30,S,S,S_S,CNTRL_30_S_S,0.63849,0.6038,-0.03469,-0.00826,0,0.347,0.571,0.224,-1.496109227
Y10B50_exp2B,170,2,B,A,7.5,A_7.5,20,F,A,F_A,A_7.5_20_F_A,0.53426,0.60161,0.06735,-0.00286,0,0.5,0.552,0.052,-2.95651156
G37Y30_exp1A,157,1,A,A,5,A_5,30,S,A,S_A,A_5_30_S_A,0.59675,0.60057,0.00382,-0.00644,1,0.193,0.495,0.302,-1.197328262
G33Y94_exp1B,167,1,B,A,5,A_5,30,F,A,F_A,A_5_30_F_A,0.53062,0.59465,0.06403,-0.00347,0,0.312,0.188,-0.124,-2.087473713
Y23B3299_exp2A,198,2,A,A,7.5,A_7.5,30,S,A,S_A,A_7.5_30_S_A,0.37109,0.582,0.21091,-0.00258,1,0.348,0.51,0.162,-1.820158944
G33Y1_exp1B,181,1,B,A,5,A_5,30,F,S,F_S,A_5_30_F_S,0.56963,0.57779,0.00816,-0.00361,0,0.404,0.545,0.141,-1.958995389
G33Y95_exp1B,178,1,B,A,5,A_5,30,F,A,F_A,A_5_30_F_A,0.45856,0.56433,0.10577,-0.00327,1,0.295,0.079,-0.216,-1.532476871
G32Y88_exp1A,145,1,A,A,5,A_5,30,F,A,F_A,A_5_30_F_A,0.54249,0.56175,0.01926,-0.00504,0,0.396,0.325,-0.071,-2.645075402
G33Y100_exp1B,167,1,B,A,5,A_5,30,F,S,F_S,A_5_30_F_S,0.51585,0.56026,0.04441,-0.00447,0,0.401,0.418,0.017,-4.074541935
R12W60_exp1A,157,1,A,A,10,A_10,30,F,S,F_S,A_10_30_F_S,0.5002,0.55502,0.05482,-0.00868,0,0.406,0.402,-0.004,-5.521460918
Y12B65_exp1B,167,1,B,A,5,A_5,30,S,S,S_S,A_5_30_S_S,0.50261,0.55469,0.05208,-0.00471,0,0.372,0.234,-0.138,-1.980501594
Y3B28_exp1B,167,1,B,A,7.5,A_7.5,30,F,S,F_S,A_7.5_30_F_S,0.53557,0.55176,0.01619,-0.00354,0,0.386,0.43,0.044,-3.123565645
R20W92_exp2B,223,2,B,A,10,A_10,30,S,S,S_S,A_10_30_S_S,0.54156,0.54998,0.00842,-0.00314,1,0.519,0.02,-0.499,-0.695149183
G32Y92_exp1A,152,1,A,A,5,A_5,30,F,S,F_S,A_5_30_F_S,0.60385,0.54613,-0.05772,-0.00283,0,0.359,0.374,0.015,-4.199705078
G36Y28_exp1A,155,1,A,A,5,A_5,20,F,S,F_S,A_5_20_F_S,0.57575,0.53782,-0.03793,-0.0028,1,0.335,0.47,0.135,-2.002480501
B29G67_exp2A,233,2,A,A,0,A_0,30,S,A,S_A,CNTRL_30_S_A,0.52761,0.5375,0.00989,NA,NA,0.422,0.431,0.009,-4.710530702
R13W65_exp2A,205,2,A,A,10,A_10,20,S,S,S_S,A_10_20_S_S,0.48712,0.53747,0.05035,-0.00314,0,0.526,0.458,-0.068,-2.688247574
O10G20_exp3B,252,3,B,A,5,A_5,20,F,S,F_S,A_5_20_F_S,0.41418,0.5352,0.12102,NA,NA,0.562,0.366,-0.196,-1.62964062
B13G10_exp1B,167,1,B,A,0,A_0,30,F,S,F_S,CNTRL_30_F_S,0.48781,0.53401,0.0462,-0.00427,0,0.409,0.433,0.024,-3.729701449
B34G3106_exp2B,198,2,B,A,0,A_0,30,S,S,S_S,CNTRL_30_S_S,0.51303,0.53264,0.01961,-0.00248,0,0.533,0.545,0.012,-4.422848629
G32Y93_exp1A,157,1,A,A,5,A_5,30,F,S,F_S,A_5_30_F_S,0.67688,0.53094,-0.14594,-0.00785,0,0.4,0.209,-0.191,-1.655481851
R7W39_exp1A,155,1,A,A,10,A_10,20,F,S,F_S,A_10_20_F_S,0.477,0.52988,0.05288,NA,NA,0.334,0.369,0.035,-3.352407217
B26G48_exp1B,167,1,B,A,0,A_0,20,F,A,F_A,CNTRL_20_F_A,0.53307,0.52948,-0.00359,NA,NA,0.333,0.541,0.208,-1.570217199
B13G2_exp1B,167,1,B,A,0,A_0,30,F,A,F_A,CNTRL_30_F_A,0.54838,0.5292,-0.01918,-0.00317,0,0.174,0.126,-0.048,-3.036554268
Y23B3299_exp1B,182,1,B,A,7.5,A_7.5,20,S,S,S_S,A_7.5_20_S_S,0.48704,0.52867,0.04163,-0.00356,1,0.442,0.563,0.121,-2.111964733
R7W38_exp1A,152,1,A,A,10,A_10,20,F,S,F_S,A_10_20_F_S,0.51144,0.52786,0.01642,-0.01477,1,0.25,0.503,0.253,-1.37436579
G35Y24_exp3A,241,3,A,A,5,A_5,30,F,S,F_S,A_5_30_F_S,0.48433,0.52749,0.04316,-0.0057,0,0.538,0.516,-0.022,-3.816712826
Y13B74_exp3A,241,3,A,A,7.5,A_7.5,30,S,S,S_S,A_7.5_30_S_S,0.36128,0.52587,0.16459,-0.00498,0,0.582,0.556,-0.026,-3.649658741
W13O59_exp3B,253,3,B,A,7.5,A_7.5,30,F,S,F_S,A_7.5_30_F_S,0.36677,0.52566,0.15889,NA,NA,0.563,0.062,-0.501,-0.691149178
B33G90_exp2B,170,2,B,A,0,A_0,30,F,A,F_A,CNTRL_30_F_A,0.53134,0.52453,-0.00681,-0.0078,0,0.452,0.27,-0.182,-1.703748592
O4B24_exp3B,254,3,B,A,0,A_0,20,S,S,S_S,CNTRL_20_S_S,0.5333,0.52125,-0.01205,-0.00509,0,0.584,0.385,-0.199,-1.614450454
Y20B95_exp1B,178,1,B,A,7.5,A_7.5,20,F,A,F_A,A_7.5_20_F_A,0.4704,0.52095,0.05055,-0.00422,0,0.375,0.075,-0.3,-1.203972804
R14W73_exp1B,167,1,B,A,10,A_10,20,S,S,S_S,A_10_20_S_S,0.58332,0.52085,-0.06247,-0.00391,0,0.382,0.161,-0.221,-1.509592577
Y7B41_exp2A,209,2,A,A,7.5,A_7.5,20,F,A,F_A,A_7.5_20_F_A,0.42746,0.51713,0.08967,NA,NA,0.501,0.579,0.078,-2.551046452
R13W64_exp2A,233,2,A,A,10,A_10,20,S,S,S_S,A_10_20_S_S,0.52546,0.51672,-0.00874,-0.00414,1,0.323,0.117,-0.206,-1.57987911
G29Y70_exp2B,170,2,B,A,5,A_5,30,F,A,F_A,A_5_30_F_A,0.42281,0.51665,0.09384,-0.00551,0,0.502,0.082,-0.42,-0.867500568
Y4B33_exp1B,171,1,B,A,7.5,A_7.5,30,S,S,S_S,A_7.5_30_S_S,0.53661,0.51591,-0.0207,-0.00635,0,0.302,0.453,0.151,-1.890475442
G35Y12_exp1B,167,1,B,A,5,A_5,20,F,A,F_A,A_5_20_F_A,0.52175,0.51584,-0.00591,-0.00276,0,0.341,0.564,0.223,-1.500583508
B33G95_exp2B,226,2,B,A,0,A_0,30,F,S,F_S,CNTRL_30_F_S,0.39021,0.51502,0.12481,-0.00502,1,0.577,0.196,-0.381,-0.964955904
Y20B100_exp1B,166,1,B,A,7.5,A_7.5,20,F,S,F_S,A_7.5_20_F_S,0.48714,0.51491,0.02777,-0.00552,0,0.413,0.573,0.16,-1.832581464
R1W2_exp1B,167,1,B,A,10,A_10,30,F,A,F_A,A_10_30_F_A,0.50214,0.51256,0.01042,NA,NA,0.222,0.326,0.104,-2.26336438
W8O38_exp3B,248,3,B,A,5,A_5,30,F,S,F_S,A_5_30_F_S,0.49945,0.51253,0.01308,-0.00596,0,0.565,0.362,-0.203,-1.5945493
G30Y75_exp3A,234,3,A,A,5,A_5,20,F,A,F_A,A_5_20_F_A,0.48772,0.51221,0.02449,NA,NA,0.456,0.346,-0.11,-2.207274913
B33G92_exp1A,154,1,A,A,0,A_0,30,S,A,S_A,CNTRL_30_S_A,0.45585,0.51177,0.05592,-0.00177,0,0.224,0.166,-0.058,-2.847312268
G35Y14_exp2A,210,2,A,A,5,A_5,30,F,A,F_A,A_5_30_F_A,0.40874,0.50877,0.10003,-0.00525,0,0.407,0.55,0.143,-1.944910649
R20W88_exp1A,165,1,A,A,10,A_10,30,S,A,S_A,A_10_30_S_A,0.50548,0.50565,0.00017,-0.00595,0,0.211,0.473,0.262,-1.339410775
B29G70_exp2A,205,2,A,A,0,A_0,30,S,S,S_S,CNTRL_30_S_S,0.44632,0.5045,0.05818,-0.00815,0,0.452,0.019,-0.433,-0.837017551
Y21B5628_exp2B,178,2,B,A,7.5,A_7.5,30,S,A,S_A,A_7.5_30_S_A,0.46816,0.50274,0.03458,NA,NA,0.443,0.391,-0.336,-1.090644119
R20Y93_exp1A,157,1,A,A,10,A_10,30,S,S,S_S,A_10_30_S_S,0.61305,0.50264,-0.11041,-0.00698,1,0.429,0.47,0.041,-3.194183212
W13O56_exp3B,242,3,B,A,7.5,A_7.5,30,F,A,F_A,A_7.5_30_F_A,0.365,0.50191,0.13691,-0.00238,0,0.351,0.466,0.115,-2.162823151
B25G46_exp1B,167,1,B,A,0,A_0,30,S,S,S_S,CNTRL_30_S_S,0.50413,0.50099,-0.00314,-0.00146,0,0.274,0.414,0.14,-1.966112856
Y4B30_exp3A,234,3,A,A,7.5,A_7.5,20,F,A,F_A,A_7.5_20_F_A,0.44491,0.50073,0.05582,-0.00276,0,0.554,0.55,-0.004,-5.521460918
G32Y87_exp1A,160,1,A,A,5,A_5,30,F,A,F_A,A_5_30_F_A,0.47414,0.50025,0.02611,NA,1,0.346,0.305,-0.041,-3.194183212
Y7B44_exp2A,220,2,A,A,7.5,A_7.5,20,F,S,F_S,A_7.5_20_F_S,0.45808,0.49948,0.0414,-0.00709,1,0.52,0.21,-0.31,-1.171182982
Y23B1026_exp2A,206,2,A,A,7.5,A_7.5,30,S,S,S_S,A_7.5_30_S_S,0.38503,0.49921,0.11418,-0.00206,0,0.42,0.333,-0.087,-2.44184716
R5W21_exp2B,170,2,B,A,10,A_10,20,F,A,F_A,A_10_20_F_A,0.47827,0.49873,0.02046,-0.00398,0,0.521,0.102,-0.419,-0.869884359
B24G40_exp2A,233,2,A,A,0,A_0,20,S,A,S_A,CNTRL_20_S_A,0.52712,0.49753,-0.02959,NA,NA,0.443,0.072,-0.371,-0.991553216
R12W58_exp1A,144,1,A,A,10,A_10,30,F,S,F_S,A_10_30_F_S,0.47969,0.49752,0.01783,NA,NA,0.391,0.388,-0.003,-5.80914299
G30Y76_exp2A,209,2,A,A,5,A_5,20,F,A,F_A,A_5_20_F_A,0.45835,0.49618,0.03783,NA,NA,0.462,0.578,0.116,-2.154165088
G37Y31_exp1A,145,1,A,A,5,A_5,30,S,S,S_S,A_5_30_S_S,0.48341,0.49565,0.01224,NA,NA,0.356,0.466,0.11,-2.207274913
G37Y33_exp1A,157,1,A,A,5,A_5,30,S,S,S_S,A_5_30_S_S,0.512,0.49559,-0.01641,-0.00461,1,0.408,0.484,0.076,-2.577021939
B34G97_exp2B,178,2,B,A,0,A_0,30,S,A,S_A,CNTRL_30_S_A,0.5517,0.4951,-0.0566,-0.00586,1,0.337,0.423,0.086,-2.453407983
Y20B21_exp2A,221,2,A,A,7.5,A_7.5,30,F,S,F_S,A_7.5_30_F_S,0.45493,0.49017,0.03524,-0.00316,1,0.435,0.276,-0.159,-1.838851077
B24G38_exp1A,152,1,A,A,0,A_0,20,F,A,F_A,CNTRL_20_F_A,0.50635,0.48912,-0.01723,-0.00499,1,0.337,0.553,0.216,-1.532476871
Y12B62_exp1B,169,1,B,A,5,A_5,30,S,A,S_A,A_5_30_S_A,0.48708,0.48802,0.00094,-0.00114,0,0.222,0.518,0.296,-1.217395825
R11W53_exp3A,240,3,A,A,10,A_10,20,F,S,F_S,A_10_20_F_S,0.52132,0.48592,-0.0354,-0.00404,0,0.515,0.334,-0.181,-1.709258248
O14Y20_exp3B,239,3,B,A,7.5,A_7.5,20,S,A,S_A,A_7.5_20_S_A,0.50343,0.48506,-0.01837,-0.00317,1,0.558,0.424,-0.134,-2.009915479
G38Y37_exp3A,240,3,A,A,5,A_5,30,S,S,S_S,A_5_30_S_S,0.40339,0.48346,0.08007,-0.0043,1,0.492,0.481,-0.011,-4.509860006
W16O77_exp3B,243,3,B,A,10,A_10,30,F,A,F_A,A_10_30_F_A,0.47313,0.48287,0.00974,NA,NA,NA,NA,NA,NA
G36Y22_exp1A,152,1,A,A,5,A_5,20,F,A,F_A,A_5_20_F_A,0.56393,0.48239,-0.08154,NA,NA,0.26,0.292,0.032,-3.442019376
G35Y23_exp1B,166,1,B,A,5,A_5,20,F,S,F_S,A_5_20_F_S,0.46411,0.48039,0.01628,-0.00238,0,0.346,0.596,0.25,-1.386294361
R13W65_exp1B,167,1,B,A,10,A_10,20,F,S,F_S,A_10_20_F_S,0.5337,0.47995,-0.05375,-0.00962,0,0.367,0.39,0.023,-3.772261063
W8O39_exp3B,252,3,B,A,5,A_5,30,F,S,F_S,A_5_30_F_S,0.57064,0.47949,-0.09115,NA,NA,0.535,0.113,-0.422,-0.862749965
R15W75_exp1B,169,1,B,A,10,A_10,30,S,A,S_A,A_10_30_S_A,0.55859,0.47912,-0.07947,-0.00175,0,0.304,0.373,0.069,-2.673648774
R17W84_exp3A,240,3,A,A,10,A_10,30,F,S,F_S,A_10_30_F_S,0.45156,0.47895,0.02739,-0.00317,0,0.324,0.009,-0.315,-1.15518264
B13G13_exp1B,178,1,B,A,0,A_0,30,F,S,F_S,CNTRL_30_F_S,0.45258,0.47878,0.0262,-0.00264,1,0.315,0.509,0.194,-1.63989712
R8W42_exp1A,144,1,A,A,10,A_10,20,S,S,S_S,A_10_20_S_S,0.52415,0.47865,-0.0455,-0.0073,0,0.337,0.388,0.051,-2.975929646
R20W87_exp1A,150,1,A,A,10,A_10,30,S,A,S_A,A_10_30_S_A,0.28133,0.47849,0.19716,-0.00971,1,0.137,0.209,0.072,-2.63108916
B31G82_exp1A,155,1,A,A,0,A_0,30,F,S,F_S,CNTRL_30_F_S,0.53367,0.47829,-0.05538,-0.00579,1,0.365,0.572,0.207,-1.575036486
W14O64_exp3B,245,3,B,A,7.5,A_7.5,30,S,S,S_S,A_7.5_30_S_S,0.42069,0.47817,0.05748,-0.00311,0,0.03,0.175,0.145,-1.931021537
Y21B6232_exp2B,219,2,B,A,7.5,A_7.5,30,S,S,S_S,A_7.5_30_S_S,0.49065,0.47802,-0.01263,NA,NA,0.515,0.363,-0.124,-2.087473713
G31Y83_exp2B,198,2,B,A,5,A_5,30,S,S,S_S,A_5_30_S_S,0.50971,0.47657,-0.03314,-0.00331,0,0.535,0.466,-0.069,-2.673648774
W13O60_exp3B,249,3,B,A,7.5,A_7.5,30,S,A,S_A,A_7.5_30_S_A,0.55002,0.47605,-0.07397,-0.00282,1,0.568,0.592,0.024,-3.729701449
R11W51_exp2A,210,2,A,A,10,A_10,20,F,A,F_A,A_10_20_F_A,0.3909,0.47151,0.08061,-0.00504,1,0.406,0.565,0.159,-1.838851077
Y8B46_exp2A,220,2,A,A,7.5,A_7.5,20,S,A,S_A,A_7.5_20_S_A,0.41994,0.4711,0.05116,NA,NA,0.467,0.548,0.081,-2.513306124
Y3B25_exp1B,167,1,B,A,7.5,A_7.5,30,F,A,F_A,A_7.5_30_F_A,0.44897,0.47087,0.0219,-0.00246,0,0.217,0.265,0.048,-3.036554268
G38Y35_exp2A,221,2,A,A,5,A_5,30,S,A,S_A,A_5_30_S_A,0.50602,0.47085,-0.03517,-0.0022,0,0.48,0.459,-0.021,-3.863232841
R8W41_exp1A,154,1,A,A,10,A_10,20,S,A,S_A,A_10_20_S_A,0.50733,0.47072,-0.03661,-0.00709,1,0.275,0.405,0.13,-2.040220829
R1W6_exp1B,167,1,B,A,10,A_10,30,F,S,F_S,A_10_30_F_S,0.4908,0.4703,-0.0205,-0.00315,0,0.364,0.462,0.098,-2.3227878
G35Y23_exp2A,198,2,A,A,5,A_5,30,F,S,F_S,A_5_30_F_S,0.44176,0.47011,0.02835,-0.00378,0,0.456,0.508,0.052,-2.95651156
O11G25_exp3B,254,3,B,A,5,A_5,20,S,S,S_S,A_5_20_S_S,0.30986,0.46883,0.15897,-0.00485,1,0.491,0.038,-0.453,-0.791863153
Y23B2009_exp2A,226,2,A,A,7.5,A_7.5,30,S,A,S_A,A_7.5_30_S_A,0.35915,0.468,0.10885,-0.00249,0,0.207,0.143,-0.064,-2.748872196
W8O36_exp3B,242,3,B,A,5,A_5,30,F,A,F_A,A_5_30_F_A,0.42147,0.46766,0.04619,-0.00703,0,0.465,0.549,0.084,-2.47693848
B28G63_exp3A,241,3,A,A,0,A_0,30,F,S,F_S,CNTRL_30_F_S,0.45753,0.46737,0.00984,-0.00801,1,0.388,0.535,0.147,-1.917322692
G38Y38_exp2A,222,2,A,A,5,A_5,30,S,S,S_S,A_5_30_S_S,0.41787,0.46672,0.04885,-0.00745,1,0.503,0.574,0.071,-2.645075402
G36Y25_exp2B,212,2,B,A,5,A_5,20,F,A,F_A,A_5_20_F_A,0.4131,0.46629,0.05319,-0.00557,1,0.414,0.432,0.018,-4.017383521
Y20B17_exp2A,198,2,A,A,7.5,A_7.5,30,F,S,F_S,A_7.5_30_F_S,0.47825,0.46595,-0.0123,-0.00159,0,0.461,0.446,-0.015,-4.199705078
Y3B29_exp3A,241,3,A,A,7.5,A_7.5,20,F,A,F_A,A_7.5_20_F_A,0.51369,0.46323,-0.05046,NA,NA,NA,NA,NA,NA
B29G71_exp2A,222,2,A,A,0,A_0,30,S,S,S_S,CNTRL_30_S_S,0.43379,0.46206,0.02827,NA,NA,0.482,0.5,0.018,-4.017383521
R21W94_exp2A,198,2,A,A,10,A_10,30,S,A,S_A,A_10_30_S_A,0.39547,0.46195,0.06648,-0.00077,1,0.429,0.533,0.104,-2.26336438
Y13B73_exp3A,240,3,A,A,7.5,A_7.5,30,F,S,F_S,A_7.5_30_F_S,0.39837,0.46193,0.06356,-0.00419,1,0.545,0.029,-0.516,-0.661648514
R21W55_exp2A,233,2,A,A,10,A_10,30,S,S,S_S,A_10_30_S_S,0.45256,0.46181,0.00925,-0.00327,1,0.165,0.51,0.345,-1.064210862
G29Y73_exp2B,211,2,B,A,5,A_5,30,F,S,F_S,A_5_30_F_S,0.46959,0.46089,-0.0087,NA,NA,0.516,0.441,-0.075,-2.590267165
W3O15_exp3B,248,3,B,A,0,A_0,30,F,S,F_S,CNTRL_30_F_S,0.42019,0.46049,0.0403,-0.00511,0,0.078,0.337,0.259,-1.350927217
B34G3409_exp1A,157,1,A,A,0,A_0,20,S,S,S_S,CNTRL_20_S_S,0.36539,0.45966,0.09427,NA,NA,0.272,0.46,0.188,-1.671313316
O3B20_exp3B,243,3,B,A,0,A_0,20,S,A,S_A,CNTRL_20_S_A,0.51594,0.45816,-0.05778,NA,NA,0.588,0.501,-0.087,-2.44184716
Y20B100_exp3A,241,3,A,A,7.5,A_7.5,30,S,A,S_A,A_7.5_30_S_A,0.47077,0.45761,-0.01316,-0.00381,1,0.537,0.553,0.016,-4.135166557
Y23B1621_exp1B,190,1,B,A,7.5,A_7.5,20,S,A,S_A,A_7.5_20_S_A,0.44257,0.45706,0.01449,NA,NA,0.24,0.529,0.289,-1.241328591
B23G37_exp3A,241,3,A,A,0,A_0,20,F,S,F_S,CNTRL_20_F_S,0.41494,0.45623,0.04129,-0.00414,1,0.601,0.472,-0.129,-2.047942875
W20O86_exp3B,245,3,B,A,10,A_10,30,S,S,S_S,A_10_30_S_S,0.4993,0.45606,-0.04324,-0.00644,0,0.012,0.085,0.073,-2.617295838
R15W79_exp3A,241,3,A,A,10,A_10,30,F,A,F_A,A_10_30_F_A,0.4325,0.45596,0.02346,NA,NA,NA,NA,NA,NA
B27G53_exp2B,170,2,B,A,0,A_0,20,F,A,F_A,CNTRL_20_F_A,0.47811,0.45456,-0.02355,-0.00593,0,0.46,0.538,0.078,-2.551046452
G27Y57_exp1A,144,1,A,A,5,A_5,20,S,S,S_S,A_5_20_S_S,0.55761,0.45421,-0.1034,-0.00334,0,0.386,0.497,0.111,-2.198225078
Y11B58_exp1A,152,1,A,A,7.5,A_7.5,20,F,S,F_S,A_7.5_20_F_S,0.32894,0.45419,0.12525,-0.00511,1,0.369,0.525,0.156,-1.857899272
W3O20_exp3B,243,3,B,A,0,A_0,30,S,A,S_A,CNTRL_30_S_A,0.55265,0.45391,-0.09874,NA,NA,0.561,0.592,0.031,-3.473768074
W7O35_exp3B,243,3,B,A,5,A_5,30,F,A,F_A,A_5_30_F_A,0.47153,0.45369,-0.01784,NA,NA,NA,NA,NA,NA
O3B17_exp3B,252,3,B,A,0,A_0,20,F,S,F_S,CNTRL_20_F_S,0.53115,0.45352,-0.07763,-0.00325,1,NA,NA,NA,NA
Y15B85_exp1A,157,1,A,A,7.5,A_7.5,30,F,S,F_S,A_7.5_30_F_S,0.43836,0.4535,0.01514,-0.00396,0,0.433,0.107,-0.326,-1.120857898
B28G62_exp3A,240,3,A,A,0,A_0,30,F,S,F_S,CNTRL_30_F_S,0.46216,0.45334,-0.00882,-0.00305,0,0.485,0.508,0.023,-3.772261063
R8W44_exp1A,157,1,A,A,10,A_10,20,S,S,S_S,A_10_20_S_S,0.32328,0.45333,0.13005,NA,NA,0.411,0.312,-0.099,-2.312635429
B24G39_exp2A,210,2,A,A,0,A_0,20,S,A,S_A,CNTRL_20_S_A,0.45366,0.45318,-0.00048,-0.00532,1,0.382,0.175,-0.207,-1.575036486
Y17B94_exp2B,233,2,B,A,7.5,A_7.5,30,F,S,F_S,A_7.5_30_F_S,0.51012,0.45247,-0.05765,-0.00252,1,0.512,0.527,0.015,-4.199705078
B24G42_exp1A,155,1,A,A,0,A_0,20,F,S,F_S,CNTRL_20_F_S,0.41567,0.4524,0.03673,-0.00385,1,0.287,0.375,0.088,-2.430418465
R21W55_exp3A,243,3,A,A,10,A_10,30,S,A,S_A,A_10_30_S_A,0.38417,0.45191,0.06774,-0.00559,1,0.542,0.518,-0.024,-3.729701449
W17O82_exp3B,253,3,B,A,10,A_10,30,F,S,F_S,A_10_30_F_S,0.56623,0.4508,-0.11543,NA,NA,0.549,0.165,-0.384,-0.957112726
Y3B29_exp1B,181,1,B,A,7.5,A_7.5,30,F,S,F_S,A_7.5_30_F_S,0.48409,0.45055,-0.03354,-0.00398,1,0.345,0.266,-0.079,-2.538307427
R15W79_exp1B,185,1,B,A,10,A_10,30,S,A,S_A,A_10_30_S_A,0.4588,0.45041,-0.00839,-0.00375,1,0.448,0.528,0.08,-2.525728644
O21W41_exp3B,248,3,B,A,10,A_10,20,F,S,F_S,A_10_20_F_S,0.39622,0.44976,0.05354,NA,NA,0.591,0.572,-0.019,-3.9633163
G32Y90_exp2A,233,2,A,A,5,A_5,20,S,A,S_A,A_5_20_S_A,0.48679,0.44956,-0.03723,NA,NA,0.449,0.553,0.104,-2.26336438
G30Y77_exp3A,237,3,A,A,5,A_5,20,F,A,F_A,A_5_20_F_A,0.37358,0.44949,0.07591,-0.00652,1,0.417,0.362,-0.055,-2.900422094
R11W54_exp3A,241,3,A,A,10,A_10,20,S,A,S_A,A_10_20_S_A,0.41953,0.44801,0.02848,-0.00522,1,0.571,0.46,-0.111,-2.198225078
G29Y74_exp2B,228,2,B,A,5,A_5,30,F,S,F_S,A_5_30_F_S,0.43468,0.44779,0.01311,NA,NA,0.476,0.236,-0.24,-1.427116356
G32Y93_exp2A,222,2,A,A,5,A_5,20,S,S,S_S,A_5_20_S_S,0.44803,0.44768,-0.00035,-0.01194,1,0.529,0.612,0.083,-2.488914671
B23G33_exp3A,234,3,A,A,0,A_0,20,F,A,F_A,CNTRL_20_F_A,0.46059,0.44739,-0.0132,NA,NA,0.475,0.149,-0.326,-1.120857898
W20O84_exp3B,242,3,B,A,10,A_10,30,S,A,S_A,A_10_30_S_A,0.48643,0.4471,-0.03933,-0.01002,0,0.443,0.492,0.049,-3.015934981
B24G42_exp3A,241,3,A,A,0,A_0,20,S,S,S_S,CNTRL_20_S_S,0.38218,0.4466,0.06442,-0.00472,1,0.579,0.507,-0.072,-2.63108916
R5W24_exp2B,196,2,B,A,10,A_10,20,F,S,F_S,A_10_20_F_S,0.43169,0.44638,0.01469,-0.00089,0,0.562,0.305,-0.257,-1.358679194
B30G72_exp2B,215,2,B,A,0,A_0,20,S,A,S_A,CNTRL_20_S_A,0.44217,0.44562,0.00345,-0.0042,0,0.406,0.59,0.184,-1.692819521
R13W67_exp2A,222,2,A,A,10,A_10,20,S,A,S_A,A_10_20_S_A,0.38913,0.44525,0.05612,-0.00407,1,0.485,0.497,0.012,-4.422848629
R11W50_exp3A,235,3,A,A,10,A_10,20,F,A,F_A,A_10_20_F_A,0.43167,0.44359,0.01192,-0.00414,0,0.436,0.472,0.036,-3.324236341
G38Y38_exp1B,182,1,B,A,5,A_5,20,S,S,S_S,A_5_20_S_S,0.4409,0.44332,0.00242,-0.00407,1,0.415,0.595,0.18,-1.714798428
R13W62_exp1B,167,1,B,A,10,A_10,20,F,A,F_A,A_10_20_F_A,0.28713,0.44203,0.1549,NA,NA,0.108,0.389,0.281,-1.26940061
G35Y12_exp3A,235,3,A,A,5,A_5,30,F,A,F_A,A_5_30_F_A,0.38079,0.44173,0.06094,-0.00513,1,0.451,0.313,-0.138,-1.980501594
Y21B5437_exp1A,157,1,A,A,7.5,A_7.5,30,S,S,S_S,A_7.5_30_S_S,0.41396,0.44078,0.02682,-0.00368,1,0.359,0.178,-0.181,-1.709258248
Y12B67_exp3A,241,3,A,A,7.5,A_7.5,30,F,A,F_A,A_7.5_30_F_A,0.40498,0.44018,0.0352,NA,NA,NA,NA,NA,NA
R12W57_exp1A,146,1,A,A,10,A_10,30,F,A,F_A,A_10_30_F_A,0.57542,0.44014,-0.13528,-0.00502,0,0.382,0.086,-0.296,-1.217395825
B33G94_exp2B,211,2,B,A,0,A_0,30,F,S,F_S,CNTRL_30_F_S,0.32872,0.43986,0.11114,NA,NA,0.153,0.461,0.308,-1.177655496
G33Y97_exp1B,186,1,B,A,5,A_5,30,F,A,F_A,A_5_30_F_A,0.34496,0.43954,0.09458,NA,NA,0.078,0.285,0.207,-1.575036486
G35Y12_exp2A,196,2,A,A,5,A_5,30,F,A,F_A,A_5_30_F_A,0.32398,0.43918,0.1152,NA,NA,0.512,0.511,-0.001,-6.907755279
R14W71_exp1B,180,1,B,A,10,A_10,20,S,A,S_A,A_10_20_S_A,0.44823,0.43872,-0.00951,-0.00304,0,0.407,0.528,0.121,-2.111964733
Y10B54_exp2B,185,2,B,A,7.5,A_7.5,20,F,S,F_S,A_7.5_20_F_S,0.41625,0.43779,0.02154,-0.00522,1,0.578,0.611,0.033,-3.411247718
Y17B92_exp1A,144,1,A,A,7.5,A_7.5,20,S,S,S_S,A_7.5_20_S_S,0.35844,0.43759,0.07915,-0.00445,1,0.349,0.405,0.056,-2.882403588
R17W85_exp2A,222,2,A,A,10,A_10,30,F,S,F_S,A_10_30_F_S,0.40754,0.43757,0.03003,-0.00544,1,0.509,0.525,0.016,-4.135166557
O11G24_exp3B,248,3,B,A,5,A_5,20,S,A,S_A,A_5_20_S_A,0.46576,0.43721,-0.02855,-0.0037,0,0.539,0.107,-0.432,-0.839329691
B27G55_exp2B,191,2,B,A,0,A_0,20,F,S,F_S,CNTRL_20_F_S,0.42903,0.43631,0.00728,NA,NA,0.585,0.588,0.003,-5.80914299
R12W60_exp2B,233,2,B,A,10,A_10,30,F,S,F_S,A_10_30_F_S,0.49194,0.43624,-0.0557,-0.00943,1,0.541,0.355,-0.186,-1.682008605
G36Y28_exp2B,171,2,B,A,5,A_5,20,F,S,F_S,A_5_20_F_S,0.41339,0.43587,0.02248,-0.00561,1,0.581,0.291,-0.29,-1.237874356
O21W42_exp3B,252,3,B,A,10,A_10,20,F,S,F_S,A_10_20_F_S,0.55687,0.4356,-0.12127,-0.00301,0,0.011,0.557,0.546,-0.605136303
R13W64_exp3A,238,3,A,A,10,A_10,20,S,S,S_S,A_10_20_S_S,0.42219,0.4353,0.01311,-0.00582,1,0.444,0.469,0.025,-3.688879454
G32Y90_exp3A,237,3,A,A,5,A_5,20,S,A,S_A,A_5_20_S_A,0.4458,0.4349,-0.0109,NA,NA,0.418,0.288,-0.13,-2.040220829
W13O58_exp3B,248,3,B,A,7.5,A_7.5,30,F,S,F_S,A_7.5_30_F_S,0.56492,0.43319,-0.13173,-0.00396,0,0.565,0.017,-0.548,-0.601479992
R21W95_exp2A,226,2,A,A,10,A_10,30,S,A,S_A,A_10_30_S_A,0.42407,0.43318,0.00911,-0.00168,0,0.377,0.439,0.062,-2.780620894
Y11B59_exp1A,155,1,A,A,7.5,A_7.5,20,F,S,F_S,A_7.5_20_F_S,0.34932,0.43297,0.08365,-0.00434,0,0.252,0.369,0.117,-2.145581344
B28G62_exp1B,167,1,B,A,0,A_0,20,S,S,S_S,CNTRL_20_S_S,0.45839,0.43279,-0.0256,-0.00529,0,0.401,0.058,-0.343,-1.070024832
R21Y97_exp2A,174,2,A,A,10,A_10,30,S,A,S_A,A_10_30_S_A,0.43573,0.43261,-0.00312,NA,NA,0.419,0.374,-0.045,-3.101092789
W12O55_exp3B,243,3,B,A,7.5,A_7.5,30,F,A,F_A,A_7.5_30_F_A,0.46718,0.432,-0.03518,NA,NA,NA,NA,NA,NA
B27G57_exp2B,226,2,B,A,0,A_0,20,F,S,F_S,CNTRL_20_F_S,0.45069,0.43197,-0.01872,-0.00425,1,0.552,0.059,-0.493,-0.707246105
B33G93_exp1A,144,1,A,A,0,A_0,30,S,S,S_S,CNTRL_30_S_S,0.36301,0.43167,0.06866,-0.00261,1,0.337,0.264,-0.073,-2.617295838
Y20B17_exp1B,175,1,B,A,7.5,A_7.5,20,F,S,F_S,A_7.5_20_F_S,0.44998,0.43157,-0.01841,-0.00597,1,0.473,0.556,0.083,-2.488914671
B23G34_exp2A,209,2,A,A,0,A_0,20,F,A,F_A,CNTRL_20_F_A,0.38539,0.43114,0.04575,NA,NA,0.406,0.572,0.166,-1.795767491
R21W100_exp3A,240,3,A,A,10,A_10,30,S,S,S_S,A_10_30_S_S,0.42597,0.43023,0.00426,-0.00418,0,0.436,0.16,-0.276,-1.287354413
R13W62_exp2A,198,2,A,A,10,A_10,20,S,A,S_A,A_10_20_S_A,0.35447,0.42975,0.07528,NA,NA,0.481,0.561,0.08,-2.525728644
G35Y23_exp3A,240,3,A,A,5,A_5,30,F,S,F_S,A_5_30_F_S,0.31573,0.42927,0.11354,-0.00594,1,0.12,0.407,0.287,-1.248273063
B24G41_exp2A,201,2,A,A,0,A_0,20,S,S,S_S,CNTRL_20_S_S,0.40926,0.42802,0.01876,-0.00357,0,0.464,0.445,-0.019,-3.9633163
O21W43_exp3B,243,3,B,A,10,A_10,20,S,A,S_A,A_10_20_S_A,0.51644,0.42727,-0.08917,-0.00425,1,0.584,0.021,-0.563,-0.574475651
G30Y77_exp2A,232,2,A,A,5,A_5,20,F,A,F_A,A_5_20_F_A,0.39325,0.4268,0.03355,-0.00481,1,0.23,0.441,0.211,-1.555897146
Y10B52_exp2B,192,2,B,A,7.5,A_7.5,20,F,S,F_S,A_7.5_20_F_S,0.41345,0.42636,0.01291,NA,NA,0.358,0.036,-0.322,-1.133203733
B28G62_exp2A,198,2,A,A,0,A_0,30,F,S,F_S,CNTRL_30_F_S,0.42078,0.42618,0.0054,-0.00542,0,0.481,0.526,0.045,-3.101092789
Y13B70_exp3A,235,3,A,A,7.5,A_7.5,30,F,A,F_A,A_7.5_30_F_A,0.40782,0.4249,0.01708,NA,NA,0.456,0.293,-0.163,-1.814005078
Y21B9940_exp1A,158,1,A,A,7.5,A_7.5,30,S,A,S_A,A_7.5_30_S_A,0.3623,0.42434,0.06204,-0.00579,0,0.258,0.314,0.056,-2.882403588
R10W49_exp3A,241,3,A,A,10,A_10,20,F,A,F_A,A_10_20_F_A,0.45188,0.42428,-0.0276,NA,NA,NA,NA,NA,NA
G37Y33_exp2B,233,2,B,A,5,A_5,20,S,S,S_S,A_5_20_S_S,0.48455,0.4241,-0.06045,-0.00722,1,0.58,0.046,-0.534,-0.62735944
Y7B43_exp2A,198,2,A,A,7.5,A_7.5,20,F,S,F_S,A_7.5_20_F_S,0.47312,0.42309,-0.05003,-0.00252,0,0.499,0.571,0.072,-2.63108916
G31Y84_exp2B,218,2,B,A,5,A_5,30,S,S,S_S,A_5_30_S_S,0.44329,0.42299,-0.0203,-0.00404,1,0.53,0.509,-0.021,-3.863232841
G32Y92_exp3A,240,3,A,A,5,A_5,20,S,S,S_S,A_5_20_S_S,0.49052,0.42253,-0.06799,-0.00526,0,0.484,0.06,-0.424,-0.858021824
O11G26_exp3B,252,3,B,A,5,A_5,20,S,S,S_S,A_5_20_S_S,0.2012,0.42205,0.22085,NA,NA,0.587,0.266,-0.321,-1.136314156
B29G65_exp3A,237,3,A,A,0,A_0,30,S,A,S_A,CNTRL_30_S_A,0.38913,0.42001,0.03088,-0.00455,1,0.369,0.433,0.064,-2.748872196
Y15B84_exp1A,153,1,A,A,7.5,A_7.5,30,F,S,F_S,A_7.5_30_F_S,0.4345,4.19E-01,-0.0155,NA,NA,0.416,0.468,0.052,-2.95651156
Y20B21_exp1B,167,1,B,A,7.5,A_7.5,20,F,A,F_A,A_7.5_20_F_A,0.41594,0.41808,0.00214,NA,NA,0.365,0.551,0.186,-1.682008605
R5W27_exp2B,182,2,B,A,10,A_10,20,F,S,F_S,A_10_20_F_S,0.45449,0.4175,-0.03699,-0.00871,1,0.404,0.564,0.16,-1.832581464
B29G70_exp3A,240,3,A,A,0,A_0,30,S,S,S_S,CNTRL_30_S_S,0.38009,0.41738,0.03729,-0.00558,0,0.502,0.455,-0.047,-3.057607677
O3B14_exp3B,244,3,B,A,0,A_0,20,F,S,F_S,CNTRL_20_F_S,0.39646,0.41707,0.02061,-0.0051,1,0.331,0.418,0.087,-2.44184716
Y4B34_exp3A,241,3,A,A,7.5,A_7.5,20,S,A,S_A,A_7.5_20_S_A,0.48216,0.4166,-0.06556,-0.00298,1,0.563,0.121,-0.442,-0.816445397
W10O44_exp3B,255,3,B,A,5,A_5,30,S,S,S_S,A_5_30_S_S,0.44768,0.41646,-0.03122,-0.00484,0,0.555,0.572,0.017,-4.074541935
R1W3_exp1B,178,1,B,A,10,A_10,30,F,A,F_A,A_10_30_F_A,0.43771,0.41638,-0.02133,-0.00377,0,0.33,0.036,-0.294,-1.224175512
G36Y27_exp1A,151,1,A,A,5,A_5,20,F,S,F_S,A_5_20_F_S,0.35891,0.4154,0.05649,-0.0038,0,0.324,0.401,0.077,-2.563949857
G35Y14_exp3A,237,3,A,A,5,A_5,30,F,A,F_A,A_5_30_F_A,0.40166,0.4151,0.01344,NA,NA,0.326,0.492,0.166,-1.795767491
R1W7_exp3A,240,3,A,A,10,A_10,30,S,S,S_S,A_10_30_S_S,0.41821,0.41474,-0.00347,NA,NA,NA,NA,NA,NA
G36Y27_exp2B,211,2,B,A,5,A_5,20,F,S,F_S,A_5_20_F_S,0.41258,0.41438,0.0018,NA,NA,0.56,0.52,-0.04,-3.218875825
G32Y90_exp1A,144,1,A,A,5,A_5,30,F,S,F_S,A_5_30_F_S,0.56721,0.41386,-0.15335,NA,NA,0.267,0.53,0.263,-1.335601247
B33G90_exp1A,155,1,A,A,0,A_0,30,S,A,S_A,CNTRL_30_S_A,0.3234,0.41328,0.08988,-0.00384,1,0.333,0.38,0.047,-3.057607677
W14O65_exp3B,255,3,B,A,7.5,A_7.5,30,S,S,S_S,A_7.5_30_S_S,0.44172,0.41287,-0.02885,NA,NA,0.537,0.528,-0.009,-4.710530702
Y8B45_exp2A,197,2,A,A,7.5,A_7.5,20,S,A,S_A,A_7.5_20_S_A,0.24739,0.41284,0.16545,-0.00235,0,0.483,0.162,-0.321,-1.136314156
G38Y34_exp2A,198,2,A,A,5,A_5,30,S,A,S_A,A_5_30_S_A,0.33528,0.40999,0.07471,NA,NA,0.523,0.577,0.054,-2.918771232
G34Y5_exp3A,237,3,A,A,5,A_5,30,F,A,F_A,A_5_30_F_A,0.41768,0.40961,-0.00807,NA,NA,NA,NA,NA,NA
B30G75_exp2B,217,2,B,A,0,A_0,20,S,S,S_S,CNTRL_20_S_S,0.38881,0.40837,0.01956,-0.00269,0,0.581,0.606,0.025,-3.688879454
B24G41_exp1A,151,1,A,A,0,A_0,20,F,S,F_S,CNTRL_20_F_S,0.37772,0.4083,0.03058,NA,NA,0.338,0.48,0.142,-1.951928221
B31G79_exp1A,144,1,A,A,0,A_0,30,F,S,F_S,CNTRL_30_F_S,0.47712,0.40782,-0.0693,-0.00285,0,0.344,0.522,0.178,-1.725971729
W3O13_exp3B,242,3,B,A,0,A_0,30,F,A,F_A,CNTRL_30_F_A,0.42906,0.40702,-0.02204,-0.00442,0,0.48,0.479,-0.001,-6.907755279
B30G73_exp2B,171,2,B,A,0,A_0,20,S,A,S_A,CNTRL_20_S_A,0.49533,0.40608,-0.08925,-0.00606,1,0.577,0.364,-0.213,-1.546463113
G32Y88_exp3A,237,3,A,A,5,A_5,20,S,A,S_A,A_5_20_S_A,0.44925,0.40593,-0.04332,-0.00545,1,0.344,0.206,-0.138,-1.980501594
R13W64_exp3A,238,3,A,A,10,A_10,20,S,S,S_S,A_10_20_S_S,0.34883,0.40457,0.05574,-0.00582,1,0.444,0.469,0.025,-3.688879454
Y20B97_exp2A,210,2,A,A,7.5,A_7.5,30,F,A,F_A,A_7.5_30_F_A,0.42295,0.40419,-0.01876,-0.00373,1,0.266,0.484,0.218,-1.523260216
B28G60_exp2A,232,2,A,A,0,A_0,30,F,A,F_A,CNTRL_30_F_A,0.36463,0.40398,0.03935,-0.00321,1,0.26,0.293,0.033,-3.411247718
W4O24_exp3B,255,3,B,A,0,A_0,30,S,S,S_S,CNTRL_30_S_S,0.42961,0.40066,-0.02895,-0.00698,1,0.031,0.515,0.484,-0.725670372
B28G63_exp2A,220,2,A,A,0,A_0,30,F,S,F_S,CNTRL_30_F_S,0.42885,0.40064,-0.02821,-0.00326,1,0.479,0.106,-0.373,-0.986176859
G37Y32_exp1A,153,1,A,A,5,A_5,30,S,S,S_S,A_5_30_S_S,0.39793,0.4001,0.00217,-0.00559,0,0.403,0.609,0.206,-1.57987911
B23G36_exp3A,239,3,A,A,0,A_0,20,F,S,F_S,CNTRL_20_F_S,0.38103,0.40006,0.01903,NA,NA,0.536,0.032,-0.504,-0.685179011
Y21B2759_exp2B,200,2,B,A,7.5,A_7.5,30,S,S,S_S,A_7.5_30_S_S,0.3931,0.39884,0.00574,-0.00216,0,0.49,0.49,0,0
Y15B80_exp1A,161,1,A,A,7.5,A_7.5,30,F,A,F_A,A_7.5_30_F_A,0.41536,0.39825,-0.01711,-0.00417,1,0.366,0.258,-0.108,-2.225624052
W17O78_exp3B,242,3,B,A,10,A_10,30,F,A,F_A,A_10_30_F_A,0.44696,0.39815,-0.04881,-0.00541,0,0.396,0.594,0.198,-1.619488248
Y17B93_exp2B,214,2,B,A,7.5,A_7.5,30,F,S,F_S,A_7.5_30_F_S,0.39042,0.39777,0.00735,NA,NA,0.531,0.523,-0.008,-4.828313737
B28G60_exp1B,187,1,B,A,0,A_0,20,S,A,S_A,CNTRL_20_S_A,0.38332,0.39698,0.01366,-0.00107,1,0.15,0.458,0.308,-1.177655496
G30Y78_exp2A,198,2,A,A,5,A_5,20,F,S,F_S,A_5_20_F_S,0.40583,0.39642,-0.00941,-0.00332,1,0.535,0.05,-0.485,-0.723606388
R15W77_exp1B,190,1,B,A,10,A_10,30,S,S,S_S,A_10_30_S_S,0.43704,0.3957,-0.04134,-0.00524,1,0.348,0.205,-0.143,-1.944910649
G32Y92_exp2A,201,2,A,A,5,A_5,20,S,S,S_S,A_5_20_S_S,0.36627,0.39479,0.02852,-0.00375,0,0.534,0.456,-0.078,-2.551046452
G36Y26_exp2B,191,2,B,A,5,A_5,20,F,S,F_S,A_5_20_F_S,0.36753,0.3947,0.02717,-0.00422,0,0.594,0.418,-0.176,-1.737271284
Y3B26_exp1B,178,1,B,A,7.5,A_7.5,30,F,A,F_A,A_7.5_30_F_A,0.3682,0.39366,0.02546,-0.00423,1,0.228,0.218,-0.01,-4.605170186
R17W84_exp2A,200,2,A,A,10,A_10,30,F,S,F_S,A_10_30_F_S,0.48241,0.3935,-0.08891,-0.00376,0,0.056,0.262,0.206,-1.57987911
R12W57_exp2B,215,2,B,A,10,A_10,30,F,A,F_A,A_10_30_F_A,0.44998,0.3933,-0.05668,-0.00527,1,0.334,0.413,0.079,-2.538307427
R20W93_exp2B,234,2,B,A,10,A_10,30,S,S,S_S,A_10_30_S_S,0.42517,0.39318,-0.03199,NA,NA,0.517,0.48,-0.037,-3.296837366
Y4B31_exp3A,237,3,A,A,7.5,A_7.5,20,F,A,F_A,A_7.5_20_F_A,0.37083,0.39316,0.02233,NA,NA,0.497,0.3,-0.197,-1.62455155
W1O5_exp3B,256,3,B,A,10,A_10,30,S,A,S_A,A_10_30_S_A,0.50554,0.39303,-0.11251,NA,NA,NA,NA,NA,NA
G30Y79_exp2A,220,2,A,A,5,A_5,20,F,S,F_S,A_5_20_F_S,0.42553,0.39302,-0.03251,-0.00885,0,0.461,0.133,-0.328,-1.114741671
Y4B33_exp3A,240,3,A,A,7.5,A_7.5,20,F,S,F_S,A_7.5_20_F_S,0.41452,0.39226,-0.02226,-0.00415,0,0.233,0.481,0.248,-1.394326533
Y8B49_exp3A,240,3,A,A,7.5,A_7.5,20,F,S,F_S,A_7.5_20_F_S,0.4676,0.3919,-0.0757,NA,NA,NA,NA,NA,NA
O11G22_exp3B,242,3,B,A,5,A_5,20,S,S,S_S,A_5_20_S_S,0.48328,0.39126,-0.09202,-0.0037,0,0.251,0.186,-0.065,-2.733368009
Y12B64_exp1B,187,1,B,A,5,A_5,30,S,A,S_A,A_5_30_S_A,0.36638,0.39073,0.02435,-0.00186,1,0.126,0.183,0.057,-2.864704011
B23G37_exp2A,220,2,A,A,0,A_0,20,F,S,F_S,CNTRL_20_F_S,0.33179,0.39031,0.05852,-0.00696,1,0.525,0.135,-0.39,-0.94160854
B13G3_exp1B,178,1,B,A,0,A_0,30,F,A,F_A,CNTRL_30_F_A,0.38279,0.39025,0.00746,NA,NA,0.268,0.46,0.192,-1.650259907
O3B13_exp3B,242,3,B,A,0,A_0,20,F,A,F_A,CNTRL_20_F_A,0.38903,0.38996,0.00093,-0.0044,0,0.34,0.435,0.095,-2.353878387
R17W83_exp3A,237,3,A,A,10,A_10,30,F,S,F_S,A_10_30_F_S,0.40472,0.38988,-0.01484,NA,NA,0.436,0.412,-0.024,-3.729701449
Y8B48_exp2A,201,2,A,A,7.5,A_7.5,20,S,S,S_S,A_7.5_20_S_S,0.41078,0.38974,-0.02104,-0.00316,0,0.034,0.135,0.101,-2.292634762
W4O23_exp3B,245,3,B,A,0,A_0,30,S,S,S_S,CNTRL_30_S_S,0.39366,0.38969,-0.00397,-0.00352,0,0.046,0.449,0.403,-0.908818717
G30Y79_exp3A,241,3,A,A,5,A_5,20,F,S,F_S,A_5_20_F_S,0.36729,0.38954,0.02225,-0.00658,1,0.555,0.183,-0.372,-0.988861425
B28G59_exp2A,210,2,A,A,0,A_0,30,F,A,F_A,CNTRL_30_F_A,0.35905,0.38899,0.02994,-0.00683,0,0.456,0.569,0.113,-2.18036746
W8O37_exp3B,245,3,B,A,5,A_5,30,F,S,F_S,A_5_30_F_S,0.37035,0.38891,0.01856,-0.00617,1,0.484,0.513,0.029,-3.540459449
R13W67_exp1B,176,1,B,A,10,A_10,20,F,S,F_S,A_10_20_F_S,0.35539,0.38715,0.03176,-0.00317,1,0.453,0.498,0.045,-3.101092789
Y23B1026_exp1B,187,1,B,A,7.5,A_7.5,20,S,A,S_A,A_7.5_20_S_A,0.34229,0.38699,0.0447,-0.00387,0,0.129,0.555,0.426,-0.853315933
B31G77_exp1A,160,1,A,A,0,A_0,30,F,A,F_A,CNTRL_30_F_A,0.34958,0.38692,0.03734,-0.00448,1,0.301,0.184,-0.117,-2.145581344
R11W54_exp2A,220,2,A,A,10,A_10,20,F,S,F_S,A_10_20_F_S,0.43232,0.38671,-0.04561,-0.00372,1,0.506,0.011,-0.495,-0.703197516
R11W52_exp2A,232,2,A,A,10,A_10,20,F,A,F_A,A_10_20_F_A,0.42712,0.38639,-0.04073,NA,NA,0.203,0.343,0.14,-1.966112856
R12W59_exp1A,153,1,A,A,10,A_10,30,F,S,F_S,A_10_30_F_S,0.40926,0.38615,-0.02311,-0.00516,1,0.389,0.44,0.051,-2.975929646
O14Y17_exp3B,252,3,B,A,7.5,A_7.5,20,F,S,F_S,A_7.5_20_F_S,0.37425,0.38603,0.01178,NA,NA,0.568,0.009,-0.559,-0.581605806
B29G65_exp2A,221,2,A,A,0,A_0,30,S,A,S_A,CNTRL_30_S_A,0.39542,0.38594,-0.00948,-0.00297,1,0.357,0.347,-0.01,-4.605170186
G35Y24_exp1B,173,1,B,A,5,A_5,20,F,S,F_S,A_5_20_F_S,0.50935,0.38589,-0.12346,-0.00376,1,0.469,0.594,0.125,-2.079441542
R21W100_exp2A,206,2,A,A,10,A_10,30,S,S,S_S,A_10_30_S_S,0.4401,0.38318,-0.05692,-0.00199,0,0.355,0.466,0.111,-2.198225078
R14W70_exp1B,169,1,B,A,10,A_10,20,S,A,S_A,A_10_20_S_A,0.33868,0.38166,0.04298,NA,NA,0.42,0.549,0.129,-2.047942875
Y23B1621_exp2A,174,2,A,A,7.5,A_7.5,30,S,A,S_A,A_7.5_30_S_A,0.51951,0.38166,-0.13785,NA,NA,0.395,0.455,0.06,-2.813410717
O10G21_exp3B,243,3,B,A,5,A_5,20,F,S,F_S,A_5_20_F_S,0.3957,0.38158,-0.01412,-0.00477,1,0.602,0.622,0.02,-3.912023005
Y7B40_exp2A,195,2,A,A,7.5,A_7.5,20,F,A,F_A,A_7.5_20_F_A,0.37349,0.37984,0.00635,-0.00188,0,0.4,0.572,0.172,-1.760260802
R12W56_exp2B,171,2,B,A,10,A_10,30,F,A,F_A,A_10_30_F_A,0.32119,0.37967,0.05848,-0.00326,0,0.533,0.167,-0.366,-1.005121946
G38Y36_exp1B,187,1,B,A,5,A_5,20,S,A,S_A,A_5_20_S_A,0.36974,0.37866,0.00892,-0.00257,1,0.092,0.26,0.168,-1.7837913
R15W76_exp1B,181,1,B,A,10,A_10,30,S,A,S_A,A_10_30_S_A,0.38473,0.37842,-0.00631,NA,NA,0.26,0.33,0.07,-2.659260037
B26G50_exp1B,184,1,B,A,0,A_0,20,F,A,F_A,CNTRL_20_F_A,0.37594,0.37839,0.00245,-0.00152,1,0.12,0.248,0.128,-2.055725015
B25G47_exp1B,182,1,B,A,0,A_0,30,S,S,S_S,CNTRL_30_S_S,0.34604,0.37745,0.03141,-0.00439,1,0.239,0.144,-0.095,-2.353878387
Y3B27_exp1B,186,1,B,A,7.5,A_7.5,30,F,A,F_A,A_7.5_30_F_A,0.34832,0.37727,0.02895,NA,NA,0.355,0.337,-0.018,-4.017383521
O15Y24_exp3B,255,3,B,A,7.5,A_7.5,20,S,S,S_S,A_7.5_20_S_S,0.53231,0.37649,-0.15582,NA,NA,0.598,0.015,-0.583,-0.539568093
Y8B47_exp2A,233,2,A,A,7.5,A_7.5,20,S,A,S_A,A_7.5_20_S_A,0.36459,0.3764,0.01181,-0.00322,1,0.521,0.584,0.063,-2.764620553
O22W44_exp3B,242,3,B,A,10,A_10,20,S,A,S_A,A_10_20_S_A,0.35644,0.37599,0.01955,-0.00237,0,0.307,0.424,0.117,-2.145581344
B29G64_exp2A,198,2,A,A,0,A_0,30,S,A,S_A,CNTRL_30_S_A,0.38251,0.37538,-0.00713,-0.00312,0,0.49,0.523,0.033,-3.411247718
O14Y15_exp3B,248,3,B,A,7.5,A_7.5,20,F,S,F_S,A_7.5_20_F_S,0.45232,0.37416,-0.07816,-0.00658,0,0.61,0.019,-0.591,-0.525939262
O21W39_exp3B,242,3,B,A,10,A_10,20,F,A,F_A,A_10_20_F_A,0.38061,0.37373,-0.00688,-0.00596,0,0.27,0.297,0.027,-3.611918413
R5W26_exp2B,211,2,B,A,10,A_10,20,F,S,F_S,A_10_20_F_S,0.37796,0.37246,-0.0055,NA,NA,0.52,0.506,-0.014,-4.268697949
O15Y23_exp3B,249,3,B,A,7.5,A_7.5,20,S,S,S_S,A_7.5_20_S_S,0.45817,0.37192,-0.08625,-0.00438,0,0.556,0.443,-0.113,-2.18036746
Y17B90_exp1A,154,1,A,A,7.5,A_7.5,20,S,A,S_A,A_7.5_20_S_A,0.35836,0.37161,0.01325,-0.0042,1,0.256,0.364,0.108,-2.225624052
Y10B53_exp2B,211,2,B,A,7.5,A_7.5,20,F,S,F_S,A_7.5_20_F_S,0.37317,0.37126,-0.00191,-0.00106,0,0.562,0.119,-0.443,-0.814185509
Y12B63_exp1B,181,1,B,A,5,A_5,30,S,A,S_A,A_5_30_S_A,0.37586,0.37118,-0.00468,NA,NA,0.236,0.116,-0.12,-2.120263536
G30Y75_exp2A,195,2,A,A,5,A_5,20,F,A,F_A,A_5_20_F_A,0.3351,0.37073,0.03563,NA,NA,0.376,0.577,0.201,-1.604450371
Y11B56_exp2B,216,2,B,A,7.5,A_7.5,20,S,A,S_A,A_7.5_20_S_A,0.39973,0.37023,-0.0295,-0.00417,1,0.322,0.366,0.044,-3.123565645
G32Y87_exp2A,197,2,A,A,5,A_5,20,S,A,S_A,A_5_20_S_A,0.26479,0.36981,0.10502,-0.00651,0,0.423,0.572,0.149,-1.903808973
R14W74_exp1B,182,1,B,A,10,A_10,20,S,S,S_S,A_10_20_S_S,0.39111,0.36955,-0.02156,-0.00497,1,0.406,0.047,-0.359,-1.02443289
Y11B55_exp2B,190,2,B,A,7.5,A_7.5,20,S,A,S_A,A_7.5_20_S_A,0.3609,0.3683,0.0074,-0.00528,0,0.487,0.568,0.081,-2.513306124
G36Y26_exp1A,143,1,A,A,5,A_5,20,F,S,F_S,A_5_20_F_S,0.4384,0.36808,-0.07032,NA,NA,0.41,0.148,-0.262,-1.339410775
B30G74_exp2B,196,2,B,A,0,A_0,20,S,S,S_S,CNTRL_20_S_S,0.36785,0.36774,-0.00011,NA,NA,0.538,0.618,0.08,-2.525728644
Y21B5431_exp2B,234,2,B,A,7.5,A_7.5,30,S,S,S_S,A_7.5_30_S_S,0.49695,0.36704,-0.12991,NA,NA,0.532,0.107,-0.169,-1.777856564
W14O62_exp3B,242,3,B,A,7.5,A_7.5,30,S,A,S_A,A_7.5_30_S_A,0.37728,0.36674,-0.01054,-0.00573,0,0.423,0.47,0.047,-3.057607677
B23G35_exp3A,237,3,A,A,0,A_0,20,F,A,F_A,CNTRL_20_F_A,0.36413,0.36586,0.00173,-0.0038,1,0.475,0.401,-0.074,-2.603690186
Y17B87_exp2B,171,2,B,A,7.5,A_7.5,30,F,A,F_A,A_7.5_30_F_A,0.40554,0.36416,-0.04138,-0.00256,0,0.42,0.088,-0.332,-1.10262031
W13O57_exp3B,247,3,B,A,7.5,A_7.5,30,F,S,F_S,A_7.5_30_F_S,0.24064,0.36401,0.12337,-0.00617,1,0.502,0.49,-0.012,-4.422848629
R6W30_exp2B,197,2,B,A,10,A_10,20,S,S,S_S,A_10_20_S_S,0.34063,0.36389,0.02326,NA,NA,0.593,0.249,-0.344,-1.067113622
Y4B34_exp1B,182,1,B,A,7.5,A_7.5,30,S,S,S_S,A_7.5_30_S_S,0.39886,0.36277,-0.03609,NA,NA,0.43,0.494,0.064,-2.748872196
W3O14_exp3B,245,3,B,A,0,A_0,30,F,S,F_S,CNTRL_30_F_S,0.3679,0.36218,-0.00572,-0.00624,1,0.268,0.51,0.242,-1.418817553
R8W40_exp1A,154,1,A,A,10,A_10,20,S,A,S_A,A_10_20_S_A,0.42426,0.36199,-0.06227,-0.00501,0,0.118,0.219,0.101,-2.292634762
G30Y76_exp3A,237,3,A,A,5,A_5,20,F,A,F_A,A_5_20_F_A,0.359,0.3617,0.0027,-0.00537,0,0.369,0.284,-0.085,-2.465104022
Y8B49_exp2A,222,2,A,A,7.5,A_7.5,20,S,S,S_S,A_7.5_20_S_S,0.46455,0.3613,-0.10325,-0.0063,1,0.504,0.034,-0.47,-0.755022584
B27G54_exp2B,212,2,B,A,0,A_0,20,F,A,F_A,CNTRL_20_F_A,0.36274,0.36129,-0.00145,-0.00418,1,0.433,0.376,-0.057,-2.864704011
R13W63_exp2A,220,2,A,A,10,A_10,20,S,A,S_A,A_10_20_S_A,0.38439,0.36113,-0.02326,NA,NA,0.474,0.567,0.093,-2.375155786
W4O21_exp3B,242,3,B,A,0,A_0,30,S,A,S_A,CNTRL_30_S_A,0.34712,0.36092,0.0138,-0.00431,0,0.483,0.614,0.131,-2.032557956
O22W46_exp3B,249,3,B,A,10,A_10,20,S,S,S_S,A_10_20_S_S,0.53752,0.36017,-0.17735,-0.00528,0,0.551,0.591,0.04,-3.218875825
Y17B90_exp2B,213,2,B,A,7.5,A_7.5,30,F,A,F_A,A_7.5_30_F_A,0.37809,0.35921,-0.01888,NA,NA,0.481,0.201,-0.28,-1.272965676
B24G41_exp3A,240,3,A,A,0,A_0,20,S,S,S_S,CNTRL_20_S_S,0.39004,0.35912,-0.03092,-0.00401,0,0.484,0.081,-0.403,-0.908818717
B26G51_exp1B,166,1,B,A,0,A_0,20,F,S,F_S,CNTRL_20_F_S,0.3968,0.35897,-0.03783,-0.00185,0,0.403,0.057,-0.346,-1.061316504
R17W80_exp3A,235,3,A,A,10,A_10,30,F,A,F_A,A_10_30_F_A,0.37205,0.3577,-0.01435,-0.00161,0,0.515,0.275,-0.24,-1.427116356
R5W22_exp2B,213,2,B,A,10,A_10,20,F,A,F_A,A_10_20_F_A,0.30502,0.35723,0.05221,-0.00358,1,0.506,0.372,-0.134,-2.009915479
Y7B42_exp2A,232,2,A,A,7.5,A_7.5,20,F,A,F_A,A_7.5_20_F_A,0.40941,0.35686,-0.05255,-0.00536,1,0.136,0.345,0.209,-1.565421027
Y13B72_exp3A,237,3,A,A,7.5,A_7.5,30,F,S,F_S,A_7.5_30_F_S,0.31025,0.356,0.04575,-0.00421,0,0.347,0.387,0.04,-3.218875825
G37Y29_exp1A,155,1,A,A,5,A_5,30,S,A,S_A,A_5_30_S_A,0.31238,0.35563,0.04325,-0.00376,0,0.306,0.248,-0.058,-2.847312268
G37Y29_exp2B,171,2,B,A,5,A_5,20,S,A,S_A,A_5_20_S_A,0.43376,0.35545,-0.07831,-0.00376,0,0.486,0.538,0.052,-2.95651156
R7W36_exp1A,144,1,A,A,10,A_10,20,F,A,F_A,A_10_20_F_A,0.35309,0.35343,0.00034,-0.00296,0,0.186,0.472,0.286,-1.251763468
R17W83_exp2A,232,2,A,A,10,A_10,30,F,A,F_A,A_10_30_F_A,0.38771,0.35311,-0.0346,-0.0086,1,0.249,0.383,0.134,-2.009915479
R20W90_exp1A,145,1,A,A,10,A_10,30,S,S,S_S,A_10_30_S_S,0.49116,0.35269,-0.13847,NA,NA,0.392,0.422,0.03,-3.506557897
B29G67_exp3A,238,3,A,A,0,A_0,30,S,A,S_A,CNTRL_30_S_A,0.40862,0.35259,-0.05603,NA,NA,0.462,0.339,-0.123,-2.095570924
Y21B2759_exp1A,145,1,A,A,7.5,A_7.5,30,S,S,S_S,A_7.5_30_S_S,0.41369,0.35259,-0.0611,NA,NA,0.403,0.218,-0.185,-1.687399454
B25G44_exp1B,181,1,B,A,0,A_0,30,S,A,S_A,CNTRL_30_S_A,0.34133,0.3519,0.01057,-0.00299,0,0.157,0.253,0.096,-2.343407088
G38Y36_exp2A,175,2,A,A,5,A_5,30,S,A,S_A,A_5_30_S_A,0.28684,0.35175,0.06491,-0.00279,1,0.222,0.174,-0.048,-3.036554268
Y23B2009_exp1B,169,1,B,A,7.5,A_7.5,20,S,A,S_A,A_7.5_20_S_A,0.4214,0.35096,-0.07044,-0.00245,1,0.28,0.463,0.183,-1.698269126
O22W47_exp3B,255,3,B,A,10,A_10,20,S,S,S_S,A_10_20_S_S,0.37439,0.35022,-0.02417,-0.00343,1,0.081,0.084,0.003,-5.80914299
B33G92_exp2B,213,2,B,A,0,A_0,30,F,A,F_A,CNTRL_30_F_A,0.3919,0.34785,-0.04405,-0.00379,1,0.411,0.418,0.007,-4.96184513
R6W31_exp2B,217,2,B,A,10,A_10,20,S,S,S_S,A_10_20_S_S,0.34913,0.34651,-0.00262,-0.00512,0,0.515,0.551,0.036,-3.324236341
R6W28_exp2B,178,2,B,A,10,A_10,20,S,A,S_A,A_10_20_S_A,0.30606,0.34633,0.04027,NA,NA,0.534,0.235,-0.299,-1.207311706
Y11B59_exp2B,233,2,B,A,7.5,A_7.5,20,S,S,S_S,A_7.5_20_S_S,0.36913,0.34544,-0.02369,-0.0056,1,0.579,0.63,0.051,-2.975929646
B34G100_exp2B,224,2,B,A,0,A_0,30,S,A,S_A,CNTRL_30_S_A,0.34563,0.34512,-0.00051,-0.00246,0,0.517,0.622,0.105,-2.253794929
B34G3409_exp2B,233,2,B,A,0,A_0,30,S,S,S_S,CNTRL_30_S_S,0.22795,0.34499,0.11704,-0.00392,1,0.545,0.496,-0.049,-3.015934981
B31G80_exp1A,152,1,A,A,0,A_0,30,F,S,F_S,CNTRL_30_F_S,0.35304,0.34499,-0.00805,NA,NA,0.384,0.535,0.151,-1.890475442
B28G59_exp3A,237,3,A,A,0,A_0,30,F,A,F_A,CNTRL_30_F_A,0.33027,0.34468,0.01441,NA,NA,0.171,0.435,0.264,-1.331806176
B34G3106_exp1A,144,1,A,A,0,A_0,20,S,S,S_S,CNTRL_20_S_S,0.37724,0.34255,-0.03469,-0.003,0,0.335,0.373,0.038,-3.270169119
Y21B5628_exp1A,156,1,A,A,7.5,A_7.5,30,S,A,S_A,A_7.5_30_S_A,0.45039,0.3422,-0.10819,-0.0039,1,0.111,0.049,-0.062,-2.780620894
O10G17_exp3B,248,3,B,A,5,A_5,20,F,S,F_S,A_5_20_F_S,0.33765,0.34127,0.00362,-0.00555,0,0.07,0.012,-0.058,-2.847312268
Y7B40_exp3A,236,3,A,A,7.5,A_7.5,20,S,A,S_A,A_7.5_20_S_A,0.3588,0.34118,-0.01762,-0.00239,0,0.551,0.219,-0.332,-1.10262031
W17O80_exp3B,248,3,B,A,10,A_10,30,F,S,F_S,A_10_30_F_S,0.38209,0.3409,-0.04119,-0.0042,0,0.516,0.15,-0.366,-1.005121946
G36Y25_exp1A,152,1,A,A,5,A_5,20,F,A,F_A,A_5_20_F_A,0.3916,0.34086,-0.05074,-0.00531,0,0.235,0.275,0.04,-3.218875825
O4B23_exp3B,248,3,B,A,0,A_0,20,S,S,S_S,CNTRL_20_S_S,0.40931,0.3408,-0.06851,NA,NA,0.563,0.137,-0.426,-0.853315933
R11W51_exp3A,237,3,A,A,10,A_10,20,F,A,F_A,A_10_20_F_A,0.34189,0.3382,-0.00369,-0.00357,1,0.39,0.277,-0.113,-2.18036746
O3B15_exp3B,247,3,B,A,0,A_0,20,F,S,F_S,CNTRL_20_F_S,0.33063,0.3375,0.00687,-0.00443,0,0.032,0.027,-0.005,-5.298317367
G35Y21_exp2A,232,2,A,A,5,A_5,30,F,A,F_A,A_5_30_F_A,0.28218,0.3369,0.05472,-0.00342,1,0.35,0.336,-0.014,-4.268697949
R1W7_exp1B,182,1,B,A,10,A_10,30,F,S,F_S,A_10_30_F_S,0.34314,0.33644,-0.0067,-0.00436,1,0.424,0.142,-0.282,-1.265848208
B23G34_exp3A,237,3,A,A,0,A_0,20,F,A,F_A,CNTRL_20_F_A,0.31712,0.33597,0.01885,-0.00535,0,0.415,0.405,-0.01,-4.605170186
O15Y21_exp3B,242,3,B,A,7.5,A_7.5,20,S,A,S_A,A_7.5_20_S_A,0.31578,0.33345,0.01767,-0.00667,0,0.352,0.494,0.142,-1.951928221
Y13B71_exp3A,237,3,A,A,7.5,A_7.5,30,F,A,F_A,A_7.5_30_F_A,0.33523,0.33329,-0.00194,-0.00375,1,0.206,0.357,0.151,-1.890475442
G38Y34_exp1B,168,1,B,A,5,A_5,20,S,A,S_A,A_5_20_S_A,0.34172,0.3331,-0.00862,-0.00208,0,0.141,0.184,0.043,-3.146555163
R14W72_exp1B,187,1,B,A,10,A_10,20,S,A,S_A,A_10_20_S_A,0.35077,0.33175,-0.01902,-0.00451,1,0.135,0.359,0.224,-1.496109227
B28G63_exp1B,182,1,B,A,0,A_0,20,S,S,S_S,CNTRL_20_S_S,0.38111,0.33172,-0.04939,-0.00348,1,0.429,0.112,-0.317,-1.148853505
Y20B17_exp3A,237,3,A,A,7.5,A_7.5,30,S,A,S_A,A_7.5_30_S_A,0.30441,0.33164,0.02723,-0.00245,1,0.31,0.368,0.058,-2.847312268
B29G64_exp3A,237,3,A,A,0,A_0,30,S,A,S_A,CNTRL_30_S_A,0.3032,0.33156,0.02836,-0.00318,0,0.399,0.467,0.068,-2.688247574
Y7B42_exp3A,238,3,A,A,7.5,A_7.5,20,S,S,S_S,A_7.5_20_S_S,0.42803,0.33057,-0.09746,-0.00693,1,0.551,0.366,-0.185,-1.687399454
Y15B82_exp1A,145,1,A,A,7.5,A_7.5,30,F,A,F_A,A_7.5_30_F_A,0.38996,0.33014,-0.05982,-0.00227,0,0.368,0.339,-0.029,-3.540459449
G38Y35_exp3A,237,3,A,A,5,A_5,30,S,A,S_A,A_5_30_S_A,0.30631,0.3296,0.02329,-0.00274,1,0.247,0.406,0.159,-1.838851077
B26G49_exp1B,178,1,B,A,0,A_0,20,F,A,F_A,CNTRL_20_F_A,0.39171,0.32913,-0.06258,-0.00293,0,0.22,0.458,0.238,-1.435484605
G27Y58_exp1A,153,1,A,A,5,A_5,20,S,S,S_S,A_5_20_S_S,0.33053,0.32887,-0.00166,NA,NA,0.392,0.172,-0.22,-1.514127733
G32Y88_exp2A,218,2,A,A,5,A_5,20,S,A,S_A,A_5_20_S_A,0.3696,0.32844,-0.04116,-0.00476,1,0.353,0.362,0.009,-4.710530702
R7W37_exp1A,143,1,A,A,10,A_10,20,F,S,F_S,A_10_20_F_S,0.38096,0.32716,-0.0538,-0.00584,0,0.37,0.29,-0.08,-2.525728644
R11W53_exp2A,198,2,A,A,10,A_10,20,F,S,F_S,A_10_20_F_S,0.4675,0.32638,-0.14112,-0.0025,0,0.482,0.581,0.099,-2.312635429
B23G36_exp2A,193,2,A,A,0,A_0,20,F,S,F_S,CNTRL_20_F_S,0.28012,0.32603,0.04591,-0.00594,0,0.536,0.113,-0.423,-0.8603831
Y11B57_exp1A,144,1,A,A,7.5,A_7.5,20,F,S,F_S,A_7.5_20_F_S,0.36255,0.32537,-0.03718,NA,NA,0.386,0.473,0.087,-2.44184716
B34G3310_exp2B,217,2,B,A,0,A_0,30,S,S,S_S,CNTRL_30_S_S,0.29072,0.32242,0.0317,NA,NA,0.542,0.5,-0.042,-3.170085661
R17W82_exp2A,210,2,A,A,10,A_10,30,F,A,F_A,A_10_30_F_A,0.35003,0.32222,-0.02781,-0.0018,0,0.469,0.505,0.036,-3.324236341
O10G14_exp3B,242,3,B,A,5,A_5,20,F,A,F_A,A_5_20_F_A,0.29352,0.32134,0.02782,-0.00347,0,0.36,0.374,0.014,-4.268697949
Y17B93_exp1A,153,1,A,A,7.5,A_7.5,20,S,S,S_S,A_7.5_20_S_S,0.38983,0.31968,-0.07015,NA,NA,0.379,0.116,-0.263,-1.335601247
Y10B51_exp2B,213,2,B,A,7.5,A_7.5,20,F,A,F_A,A_7.5_20_F_A,0.291,0.31945,0.02845,-0.00717,1,0.524,0.562,0.038,-3.270169119
R12W59_exp2B,217,2,B,A,10,A_10,30,F,S,F_S,A_10_30_F_S,0.36663,0.31746,-0.04917,-0.00395,0,0.484,0.464,-0.02,-3.912023005
B25G45_exp1B,187,1,B,A,0,A_0,30,S,A,S_A,CNTRL_30_S_A,0.30894,0.31684,0.0079,-0.0011,1,0.111,0.458,0.347,-1.058430499
Y20B21_exp3A,237,3,A,A,7.5,A_7.5,30,S,A,S_A,A_7.5_30_S_A,0.34751,0.31664,-0.03087,-0.00519,0,0.435,0.495,0.06,-2.813410717
G35Y14_exp1B,178,1,B,A,5,A_5,20,F,A,F_A,A_5_20_F_A,0.34924,0.31616,-0.03308,-0.00174,1,0.319,0.519,0.2,-1.609437912
G30Y78_exp3A,239,3,A,A,5,A_5,20,F,S,F_S,A_5_20_F_S,0.29497,0.31536,0.02039,-0.00765,0,0.523,0.546,0.023,-3.772261063
R12W58_exp2B,196,2,B,A,10,A_10,30,F,S,F_S,A_10_30_F_S,0.37682,0.31448,-0.06234,NA,NA,0.491,0.344,-0.147,-1.917322692
Y7B41_exp3A,237,3,A,A,7.5,A_7.5,20,S,A,S_A,A_7.5_20_S_A,0.24739,0.31401,0.06662,NA,NA,0.571,0.522,-0.049,-3.015934981
R17W80_exp2A,196,2,A,A,10,A_10,30,F,A,F_A,A_10_30_F_A,0.32183,0.31366,-0.00817,NA,NA,0.508,0.541,0.033,-3.411247718
Y21B6232_exp1A,153,1,A,A,7.5,A_7.5,30,S,S,S_S,A_7.5_30_S_S,0.36397,0.31354,-0.05043,-0.00273,0,0.398,0.392,-0.006,-5.11599581
O14Y13_exp3B,242,3,B,A,7.5,A_7.5,20,F,A,F_A,A_7.5_20_F_A,0.347,0.31347,-0.03353,-0.00336,0,0.394,0.355,-0.039,-3.244193633
Y4B31_exp1B,181,1,B,A,7.5,A_7.5,30,S,A,S_A,A_7.5_30_S_A,0.37801,0.31311,-0.0649,-0.00475,0,0.161,0.236,0.075,-2.590267165
O21W40_exp3B,245,3,B,A,10,A_10,20,F,S,F_S,A_10_20_F_S,0.28993,0.31237,0.02244,-0.00705,1,0.233,0.288,0.055,-2.900422094
B24G39_exp3A,237,3,A,A,0,A_0,20,S,A,S_A,CNTRL_20_S_A,0.37657,0.31164,-0.06493,NA,NA,0.532,0.536,0.004,-5.521460918
Y17B94_exp1A,157,1,A,A,7.5,A_7.5,20,S,S,S_S,A_7.5_20_S_S,0.38518,0.3114,-0.07378,-0.00444,0,0.383,0.124,-0.259,-1.350927217
B33G94_exp1A,153,1,A,A,0,A_0,30,S,S,S_S,CNTRL_30_S_S,0.2803,0.31122,0.03092,NA,NA,0.434,0.53,0.096,-2.343407088
W10O43_exp3B,245,3,B,A,5,A_5,30,S,S,S_S,A_5_30_S_S,0.35074,0.31013,-0.04061,NA,NA,0.041,0.503,0.462,-0.772190388
R13W63_exp1B,178,1,B,A,10,A_10,20,F,A,F_A,A_10_20_F_A,0.44238,0.30993,-0.13245,-0.00454,0,0.223,0.386,0.163,-1.814005078
B34G3310_exp1A,153,1,A,A,0,A_0,20,S,S,S_S,CNTRL_20_S_S,0.29629,0.30925,0.01296,-0.00378,1,0.466,0.543,0.077,-2.563949857
R20W92_exp1A,153,1,A,A,10,A_10,30,S,S,S_S,A_10_30_S_S,0.32585,0.30766,-0.01819,-0.00284,0,0.453,0.422,-0.031,-3.473768074
Y12B67_exp1B,182,1,B,A,5,A_5,30,S,S,S_S,A_5_30_S_S,0.3594,0.30676,-0.05264,-0.00294,1,0.37,0.012,-0.358,-1.027222293
B27G56_exp2B,211,2,B,A,0,A_0,20,F,S,F_S,CNTRL_20_F_S,0.33947,0.3048,-0.03467,-0.00282,0,0.565,0.162,-0.403,-0.908818717
Y23B1927_exp2A,233,2,A,A,7.5,A_7.5,30,S,S,S_S,A_7.5_30_S_S,0.39809,0.30425,-0.09384,-0.00227,1,0.429,0.487,0.058,-2.847312268
G38Y34_exp3A,237,3,A,A,5,A_5,30,S,A,S_A,A_5_30_S_A,0.31511,0.30366,-0.01145,NA,NA,0.453,0.513,0.06,-2.813410717
G27Y55_exp1A,162,1,A,A,5,A_5,20,S,A,S_A,A_5_20_S_A,0.28853,0.30337,0.01484,-0.00264,1,0.17,0.411,0.241,-1.422958345
R8W43_exp1A,153,1,A,A,10,A_10,20,S,S,S_S,A_10_20_S_S,0.34191,0.30316,-0.03875,-0.00696,1,0.356,0.44,0.084,-2.47693848
R1W5_exp1B,187,1,B,A,10,A_10,30,F,A,F_A,A_10_30_F_A,0.32095,0.30276,-0.01819,-0.00189,1,0.123,0.159,0.036,-3.324236341
Y7B43_exp3A,240,3,A,A,7.5,A_7.5,20,S,S,S_S,A_7.5_20_S_S,0.60264,0.30273,-0.29991,-0.00312,0,0.524,0.087,-0.437,-0.827822084
B28G59_exp1B,179,1,B,A,0,A_0,20,S,A,S_A,CNTRL_20_S_A,0.28675,0.30083,0.01408,NA,NA,0.161,0.261,0.1,-2.302585093
Y11B56_exp1A,143,1,A,A,7.5,A_7.5,20,F,A,F_A,A_7.5_20_F_A,0.2479,0.29834,0.05044,-0.00433,0,0.282,0.1,-0.182,-1.703748592
G31Y80_exp2B,178,2,B,A,5,A_5,30,S,A,S_A,A_5_30_S_A,0.34336,0.29799,-0.04537,-0.00415,0,0.459,0.48,0.021,-3.863232841
R17W82_exp3A,237,3,A,A,10,A_10,30,F,A,F_A,A_10_30_F_A,0.30519,0.29797,-0.00722,-0.00262,1,0.434,0.463,0.029,-3.540459449
R13W62_exp3A,236,3,A,A,10,A_10,20,S,A,S_A,A_10_20_S_A,0.36073,0.29772,-0.06301,NA,NA,0.549,0.394,-0.155,-1.864330162
B28G58_exp1B,168,1,B,A,0,A_0,20,S,A,S_A,CNTRL_20_S_A,0.2823,0.29709,0.01479,-0.00356,0,0.22,0.285,0.065,-2.733368009
W4O22_exp3B,250,3,B,A,0,A_0,30,S,S,S_S,CNTRL_30_S_S,0.26257,0.2964,0.03383,-0.00448,1,0.437,0.451,0.014,-4.268697949
R15W78_exp1B,171,1,B,A,10,A_10,30,S,S,S_S,A_10_30_S_S,0.29388,0.29323,-0.00065,-0.00309,0,0.399,0.552,0.153,-1.877317358
B24G42_exp2A,222,2,A,A,0,A_0,20,S,S,S_S,CNTRL_20_S_S,0.32875,0.29254,-0.03621,-0.00631,1,0.447,0.11,-0.337,-1.087672349
R20W88_exp2B,225,2,B,A,10,A_10,30,S,A,S_A,A_10_30_S_A,0.30174,0.29115,-0.01059,-0.00516,1,0.489,0.481,-0.008,-4.828313737
B34G100_exp1A,146,1,A,A,0,A_0,20,S,A,S_A,CNTRL_20_S_A,0.26966,0.2908,0.02114,-0.00298,1,0.189,0.274,0.085,-2.465104022
R6W32_exp2B,233,2,B,A,10,A_10,20,S,S,S_S,A_10_20_S_S,0.27896,0.29006,0.0111,-0.00614,1,0.555,0.083,-0.472,-0.750776293
G32Y87_exp3A,236,3,A,A,5,A_5,20,S,A,S_A,A_5_20_S_A,0.34228,0.29,-0.05228,-0.00382,0,0.456,0.31,-0.146,-1.924148657
B26G52_exp1B,173,1,B,A,0,A_0,20,F,S,F_S,CNTRL_20_F_S,0.33867,0.28662,-0.05205,-0.00201,1,0.446,0.592,0.146,-1.924148657
B34G97_exp1A,162,1,A,A,0,A_0,20,S,A,S_A,CNTRL_20_S_A,0.33191,0.28619,-0.04572,-0.00265,0,0.12,0.499,0.379,-0.970219074
B25G43_exp1B,169,1,B,A,0,A_0,30,S,A,S_A,CNTRL_30_S_A,0.28862,0.28524,-0.00338,NA,NA,0.366,0.17,-0.196,-1.62964062
G38Y37_exp2A,205,2,A,A,5,A_5,30,S,S,S_S,A_5_30_S_S,0.40224,0.28518,-0.11706,-0.00223,0,0.576,0.596,0.02,-3.912023005
B24G40_exp1A,143,1,A,A,0,A_0,20,F,S,F_S,CNTRL_20_F_S,0.40953,0.28424,-0.12529,-0.00184,0,0.406,0.111,-0.295,-1.220779923
B33G93_exp2B,196,2,B,A,0,A_0,30,F,S,F_S,CNTRL_30_F_S,0.28361,0.28421,0.0006,-0.00263,0,0.563,0.548,-0.015,-4.199705078
Y20B95_exp3A,238,3,A,A,7.5,A_7.5,30,S,S,S_S,A_7.5_30_S_S,0.25966,0.28112,0.02146,NA,NA,0.357,0.377,0.02,-3.912023005
O4B21_exp3B,242,3,B,A,0,A_0,20,S,A,S_A,CNTRL_20_S_A,0.30109,0.27957,-0.02152,-0.0041,0,0.423,0.475,0.052,-2.95651156
O10G15_exp3B,244,3,B,A,5,A_5,20,F,A,F_A,A_5_20_F_A,0.34342,0.27911,-0.06431,-0.00403,1,0.466,0.482,0.016,-4.135166557
G31Y85_exp2B,233,2,B,A,5,A_5,30,S,S,S_S,A_5_30_S_S,0.28075,0.27843,-0.00232,NA,NA,0.54,0.357,-0.183,-1.698269126
Y17B87_exp1A,162,1,A,A,7.5,A_7.5,20,S,A,S_A,A_7.5_20_S_A,0.31681,0.2782,-0.03861,-0.00533,0,0.182,0.214,0.032,-3.442019376
B24G39_exp1A,152,1,A,A,0,A_0,20,F,A,F_A,CNTRL_20_F_A,0.20963,0.27793,0.0683,-0.00299,0,0.162,0.391,0.229,-1.474033275
O22W45_exp3B,250,3,B,A,10,A_10,20,S,S,S_S,A_10_20_S_S,0.25462,0.27762,0.023,-0.00552,1,0.406,0.361,-0.045,-3.101092789
R20W90_exp2B,200,2,B,A,10,A_10,30,S,S,S_S,A_10_30_S_S,0.29099,0.27669,-0.0143,-0.00431,0,0.615,0.578,-0.037,-3.296837366
Y20B100_exp2A,232,2,A,A,7.5,A_7.5,30,F,A,F_A,A_7.5_30_F_A,0.2608,0.27542,0.01462,-0.00269,0,0.43,0.429,-0.001,-6.907755279
W10O42_exp3B,250,3,B,A,5,A_5,30,S,S,S_S,A_5_30_S_S,0.34251,0.27476,-0.06775,-0.00468,1,0.507,0.267,-0.24,-1.427116356
R21W95_exp3A,237,3,A,A,10,A_10,30,S,A,S_A,A_10_30_S_A,0.28862,0.27433,-0.01429,NA,NA,0.337,0.292,-0.045,-3.101092789
B24G40_exp3A,237,3,A,A,0,A_0,20,S,A,S_A,CNTRL_20_S_A,0.29039,0.27427,-0.01612,-0.00095,1,0.349,0.331,-0.018,-4.017383521
R13W63_exp3A,237,3,A,A,10,A_10,20,S,A,S_A,A_10_20_S_A,0.27808,0.27209,-0.00599,-0.00329,0,0.456,0.473,0.017,-4.074541935
Y11B57_exp2B,197,2,B,A,7.5,A_7.5,20,S,S,S_S,A_7.5_20_S_S,0.31459,0.27179,-0.0428,NA,NA,0.588,0.491,-0.097,-2.3330443
W10O41_exp3B,242,3,B,A,5,A_5,30,S,A,S_A,A_5_30_S_A,0.29312,0.26996,-0.02316,NA,NA,0.182,0.289,0.107,-2.234926445
R21W94_exp3A,237,3,A,A,10,A_10,30,S,A,S_A,A_10_30_S_A,0.27192,0.26921,-0.00271,-0.00425,0,0.277,0.289,0.012,-4.422848629
O15Y22_exp3B,247,3,B,A,7.5,A_7.5,20,S,S,S_S,A_7.5_20_S_S,0.27061,0.26863,-0.00198,-0.00489,1,0.357,0.324,-0.033,-3.411247718
G38Y35_exp1B,179,1,B,A,5,A_5,20,S,A,S_A,A_5_20_S_A,0.25843,0.26843,0.01,NA,NA,0.216,0.524,0.308,-1.177655496
W20O85_exp3B,251,3,B,A,10,A_10,30,S,S,S_S,A_10_30_S_S,0.26554,0.26797,0.00243,-0.00529,1,0.257,0.488,0.231,-1.465337568
R11W52_exp3A,237,3,A,A,10,A_10,20,F,S,F_S,A_10_20_F_S,0.27035,0.26526,-0.00509,NA,NA,0.531,0.4,-0.131,-2.032557956
G38Y36_exp3A,238,3,A,A,5,A_5,30,S,A,S_A,A_5_30_S_A,0.24037,0.26461,0.02424,-0.00591,0,0.341,0.413,0.072,-2.63108916
G29Y71_exp2B,213,2,B,A,5,A_5,30,F,A,F_A,A_5_30_F_A,0.30449,0.264,-0.04049,NA,1,0.459,0.539,0.08,-2.525728644
Y11B58_exp2B,217,2,B,A,7.5,A_7.5,20,S,S,S_S,A_7.5_20_S_S,0.30505,0.26296,-0.04209,-0.00218,0,0.579,0.206,-0.373,-0.986176859
G27Y56_exp1A,146,1,A,A,5,A_5,20,S,A,S_A,A_5_20_S_A,0.29545,0.260577,-0.034873,-0.00562,0,0.241,0.467,0.226,-1.48722028
R6W29_exp2B,224,2,B,A,10,A_10,20,S,A,S_A,A_10_20_S_A,0.2408,0.2603,0.0195,-0.00352,1,0.498,0.585,0.087,-2.44184716
O14Y14_exp3B,244,3,B,A,7.5,A_7.5,20,F,A,F_A,A_7.5_20_F_A,0.22528,0.26009,0.03481,-0.00512,1,0.399,0.359,-0.04,-3.218875825
B23G33_exp2A,194,2,A,A,0,A_0,20,F,A,F_A,CNTRL_20_F_A,0.2461,0.25858,0.01248,-0.00501,0,0.417,0.359,-0.058,-2.847312268
Y11B55_exp1A,153,1,A,A,7.5,A_7.5,20,F,A,F_A,A_7.5_20_F_A,0.24221,0.25635,0.01414,-0.00281,1,0.154,0.182,0.028,-3.575550769
Y20B97_exp1B,184,1,B,A,7.5,A_7.5,20,F,A,F_A,A_7.5_20_F_A,0.25803,0.25529,-0.00274,-0.00251,1,0.099,0.43,0.331,-1.105636904
R20W87_exp2B,184,2,B,A,10,A_10,30,S,A,S_A,A_10_30_S_A,0.29441,0.25426,-0.04015,-0.00416,0,0.454,0.093,-0.361,-1.018877321
W2O8_exp3B,244,3,B,A,0,A_0,30,F,A,F_A,CNTRL_30_F_A,0.25789,0.25413,-0.00376,NA,NA,NA,NA,NA,NA
B28G58_exp2A,196,2,A,A,0,A_0,30,F,A,F_A,CNTRL_30_F_A,0.26094,0.25092,-0.01002,NA,NA,0.457,0.552,0.095,-2.353878387
R13W64_exp1B,184,1,B,A,10,A_10,20,F,A,F_A,A_10_20_F_A,0.23054,0.25084,0.0203,-0.0062,1,0.115,0.238,0.123,-2.095570924
B28G60_exp3A,237,3,A,A,0,A_0,30,F,A,F_A,CNTRL_30_F_A,0.31366,0.24945,-0.06421,-0.00402,1,0.449,0.456,0.007,-4.96184513
Y4B32_exp1B,188,1,B,A,7.5,A_7.5,30,S,A,S_A,A_7.5_30_S_A,0.24125,0.24737,0.00612,-0.0029,1,0.132,0.071,-0.061,-2.796881415
R11W50_exp2A,196,2,A,A,10,A_10,20,F,A,F_A,A_10_20_F_A,0.37386,0.24614,-0.12772,-0.00314,0,0.476,0.146,-0.33,-1.108662625
G29Y72_exp2B,196,2,B,A,5,A_5,30,F,S,F_S,A_5_30_F_S,0.28315,0.24549,-0.03766,NA,0,0.11,0.514,0.404,-0.906340401
Y4B30_exp1B,169,1,B,A,7.5,A_7.5,30,S,A,S_A,A_7.5_30_S_A,0.19311,0.24279,0.04968,NA,NA,0.172,0.305,0.133,-2.017406151
G37Y31_exp2B,196,2,B,A,5,A_5,20,S,S,S_S,A_5_20_S_S,0.26176,0.24242,-0.01934,NA,NA,0.537,0.612,0.075,-2.590267165
B31G78_exp1A,144,1,A,A,0,A_0,30,F,A,F_A,CNTRL_30_F_A,0.25341,0.24092,-0.01249,-0.00086,0,0.158,0.203,0.045,-3.101092789
G37Y32_exp2B,217,2,B,A,5,A_5,20,S,S,S_S,A_5_20_S_S,0.21892,0.2403,0.02138,-0.00236,0,0.56,0.615,0.055,-2.900422094
Y21B9940_exp2B,225,2,B,A,7.5,A_7.5,30,S,A,S_A,A_7.5_30_S_A,0.28292,0.23643,-0.04649,-0.00305,1,0.48,0.439,-0.041,-3.194183212
Y17B92_exp2B,196,2,B,A,7.5,A_7.5,30,F,S,F_S,A_7.5_30_F_S,0.32531,0.23237,-0.09294,-0.00237,0,0.515,0.073,-0.442,-0.816445397
B13G8_exp1B,184,1,B,A,0,A_0,30,F,A,F_A,CNTRL_30_F_A,0.23483,0.23077,-0.00406,-0.00234,1,0.366,0.152,-0.214,-1.541779264
Y20B95_exp2A,196,2,A,A,7.5,A_7.5,30,F,A,F_A,A_7.5_30_F_A,0.20956,0.22819,0.01863,NA,NA,0.478,0.511,0.033,-3.411247718
G35Y21_exp3A,237,3,A,A,5,A_5,30,F,A,F_A,A_5_30_F_A,0.23463,0.22636,-0.00827,-0.00488,0,0.538,0.653,0.115,-2.162823151
R7W35_exp1A,153,1,A,A,10,A_10,20,F,A,F_A,A_10_20_F_A,0.21363,0.22604,0.01241,-0.00437,1,0.196,0.417,0.221,-1.509592577
R12W56_exp1A,162,1,A,A,10,A_10,30,F,A,F_A,A_10_30_F_A,0.30949,0.22496,-0.08453,-0.00346,1,0.166,0.197,0.031,-3.473768074
G35Y21_exp1B,184,1,B,A,5,A_5,20,F,A,F_A,A_5_20_F_A,0.21768,0.21782,0.00014,NA,NA,0.253,0.34,0.087,-2.44184716
B30G76_exp2B,233,2,B,A,0,A_0,20,S,S,S_S,CNTRL_20_S_S,0.3275,0.21668,-0.11082,-0.00376,1,0.561,0.623,0.062,-2.780620894
W17O79_exp3B,247,3,B,A,10,A_10,30,F,S,F_S,A_10_30_F_S,0.22067,0.21651,-0.00416,-0.0069,1,0.422,0.607,0.185,-1.687399454
R21W97_exp3A,238,3,A,A,5,A_5,30,S,A,S_A,A_5_30_S_A,0.21833,0.21582,-0.00251,-0.00394,1,0.364,0.378,0.014,-4.268697949
Y15B83_exp1A,144,1,A,A,7.5,A_7.5,30,F,S,F_S,A_7.5_30_F_S,0.16102,0.21137,0.05035,-0.00259,1,0.081,0.466,0.385,-0.954511945
B24G38_exp3A,235,3,A,A,0,A_0,20,S,A,S_A,CNTRL_20_S_A,0.18843,0.20786,0.01943,-0.00293,0,0.552,0.289,-0.263,-1.335601247
Y4B32_exp3A,237,3,A,A,7.5,A_7.5,20,F,S,F_S,A_7.5_20_F_S,0.21608,0.20348,-0.0126,-0.00594,1,0.519,0.456,-0.063,-2.764620553
G31Y82_exp2B,225,2,B,A,5,A_5,30,S,A,S_A,A_5_30_S_A,0.21471,0.19966,-0.01505,-0.00304,1,0.559,0.415,-0.144,-1.937941979
O20W38_exp3B,236,3,B,A,10,A_10,20,F,A,F_A,A_10_20_F_A,0.33335,0.19813,-0.13522,NA,NA,NA,NA,NA,NA
O2B8_exp3B,242,3,B,A,0,A_0,20,F,A,F_A,CNTRL_20_F_A,0.2624,0.19688,-0.06552,NA,NA,0.425,0.475,0.05,-2.995732274
O11G23_exp3B,247,3,B,A,5,A_5,20,S,A,S_A,A_5_20_S_A,0.37938,0.19643,-0.18295,-0.00364,1,0.432,0.444,0.012,-4.422848629
B24G38_exp2A,197,2,A,A,0,A_0,20,S,A,S_A,CNTRL_20_S_A,0.24026,0.19347,-0.04679,NA,NA,0.468,0.567,0.099,-2.312635429
W14O63_exp3B,251,3,B,A,7.5,A_7.5,30,S,S,S_S,A_7.5_30_S_S,0.33285,0.1873,-0.14555,-0.00499,1,0.53,0.592,0.062,-2.780620894
O4B22_exp3B,247,3,B,A,0,A_0,20,S,S,S_S,CNTRL_20_S_S,0.2035,0.18716,-0.01634,-0.00333,1,0.456,0.607,0.151,-1.890475442
B23G35_exp2A,231,2,A,A,0,A_0,20,F,A,F_A,CNTRL_20_F_A,0.16706,0.15916,-0.0079,-0.00663,1,0.538,0.639,0.101,-2.292634762
B29G71_exp3A,241,3,A,A,0,A_0,30,S,S,S_S,CNTRL_30_S_S,0.42412,-0.04565,-0.46977,-0.00892,1,0.569,0.546,-0.023,-3.772261063
G38Y38_exp3A,241,3,A,A,5,A_5,30,S,S,S_S,A_5_30_S_S,0.48436,-0.20386,-0.68822,-0.00659,0,0.484,0.524,0.04,-3.218875825
