Run File Date,sample_month,sample_year,station_num,depth,Sample ID,orthophosphate,ammonia,nitrate_and_nitrite,nitrite,nitrate
1/11/2021,February,2019,1,upper,1 upper,0.435,6.572,14.347,0.691,13.656
1/11/2021,February,2019,1,middle,1 mid,0.599,6.403,5.656,0.497,5.159
1/11/2021,February,2019,1,bottom,1 bottom,0.65,5.4,1.817,0.288,1.529
1/11/2021,February,2019,2,upper,2 upper,0.596,5.047,4.256,0.772,3.484
1/11/2021,February,2019,2,middle,2 mid,0.596,5.501,1.166,0.53,0.636
1/11/2021,February,2019,2,bottom,2 bottom,0.638,5.133,0.894,0.584,0.31
1/11/2021,February,2019,3,upper,3 upper,0.513,5.803,4.715,1.011,3.704
1/11/2021,February,2019,3,middle,3 mid,0.467,4.426,2.035,0.581,1.454
1/11/2021,February,2019,3,bottom,3 bottom,0.525,5.122,0.925,0.445,0.48
1/11/2021,February,2019,4,upper,4 upper,0.704,4.78,1.246,0.444,0.802
1/11/2021,February,2019,4,middle,4 mid,0.983,4.879,1.541,0.304,1.237
1/11/2021,February,2019,4,bottom,4 bottom,1.289,5.397,0.914,0.438,0.476
1/11/2021,February,2019,5,upper,5 upper,0.821,4.314,0.535,0.288,0.247
1/11/2021,February,2019,5,middle,5 mid,0.886,4.114,0.639,0.238,0.401
1/11/2021,February,2019,5,bottom,5 bottom,1.008,4.254,1.985,0.439,1.546
1/11/2021,February,2019,6,upper,6 upper,0.341,2.604,1.896,0.298,1.598
1/11/2021,February,2019,6,middle,6 mid,0.657,3.821,2.172,0.624,1.548
1/11/2021,February,2019,6,bottom,6 bottom,0.84,4.425,3.095,0.96,2.135
1/11/2021,February,2019,7,upper,7 upper,0.832,3.819,2.174,0.504,1.67
1/11/2021,February,2019,7,middle,7 mid,0.845,4.325,2.1,0.501,1.599
1/11/2021,February,2019,7,bottom,7 bottom,0.853,4.482,2.254,0.455,1.799
1/11/2021,February,2019,8,upper,8 upper,1.012,4.191,2.462,0.363,2.099
1/11/2021,February,2019,8,middle,8 mid,1.161,4.583,4.317,0.348,3.969
1/11/2021,February,2019,8,bottom,8 bottom,1.002,4.385,3.766,0.176,3.59
1/11/2021,March,2019,1,upper,1 upper,0.974,5.162,7.25,0.111,7.139
1/11/2021,March,2019,1,middle,1 mid,1.099,5.075,4.271,0.305,3.966
1/11/2021,March,2019,1,bottom,1 bottom,1.17,5.011,0.949,0.356,0.593
1/11/2021,March,2019,2,upper,2 upper,1.306,5.321,2.547,0.37,2.177
1/11/2021,March,2019,2,middle,2 mid,1.055,4.432,4.887,0.741,4.146
1/11/2021,March,2019,2,bottom,2 bottom,1.423,5.29,0.927,0.364,0.563
1/11/2021,March,2019,3,upper,3 upper,1.106,4.895,0.822,0.363,0.459
1/11/2021,March,2019,3,middle,3 mid,1.12,5.246,0.416,0.372,0.044
1/11/2021,March,2019,3,bottom,3 bottom,1.348,5.388,5.14,0.373,4.767
1/11/2021,March,2019,4,upper,4 upper,0.879,4.93,1.487,0.449,1.038
1/11/2021,March,2019,4,middle,4 mid,1.213,4.847,2.664,0.388,2.276
1/11/2021,March,2019,4,bottom,4 bottom,1.462,5.332,0.466,0.381,0.085
1/11/2021,March,2019,5,upper,5 upper,1.212,5.157,0.818,0.372,0.446
1/11/2021,March,2019,5,middle,5 mid,1.414,5.063,2.655,0.357,2.298
1/11/2021,March,2019,5,bottom,5 bottom,1.127,4.551,0.432,0.365,0.067
1/11/2021,March,2019,6,upper,6 upper,1.097,4.896,1.523,0.408,1.115
1/11/2021,March,2019,6,middle,6 mid,1.185,5.066,1.36,0.407,0.953
1/11/2021,March,2019,6,bottom,6 bottom,1.356,5.291,0.472,0.399,0.073
1/11/2021,March,2019,7,upper,7 upper,0.89,4.822,1.005,0.373,0.632
1/11/2021,March,2019,7,middle,7 mid,1.347,5.519,0.865,0.37,0.495
1/11/2021,March,2019,7,bottom,7 bottom,1.399,5.359,0.916,0.395,0.521
1/11/2021,March,2019,8,upper,8 upper,1.251,5.526,0.308,0.117,0.191
1/11/2021,March,2019,8,middle,8 mid,1.406,4.606,1.701,0.455,1.246
1/11/2021,March,2019,8,bottom,8 bottom,1.514,5.302,0.758,0.396,0.362
1/27/2021,April,2019,1,upper,1 upper,1.177,8.089,11.674,0.446,11.228
1/27/2021,April,2019,1,middle,1 mid,1.041,6.726,7.197,0.476,6.721
1/27/2021,April,2019,1,bottom,1 bottom,1.055,5.471,3.086,0.194,2.892
1/27/2021,April,2019,2,upper,2 upper,1.018,5.228,2.708,0.189,2.519
1/27/2021,April,2019,2,middle,2 mid,1.003,5.105,2.49,0.167,2.323
1/27/2021,April,2019,2,bottom,2 bottom,1.375,5.946,1.602,0.126,1.476
1/27/2021,April,2019,3,upper,3 upper,1.021,4.957,1.788,0.127,1.661
1/27/2021,April,2019,3,middle,3 mid,1.043,4.927,1.764,0.134,1.63
1/27/2021,April,2019,3,bottom,3 bottom,1.019,4.683,1.531,0.058,1.473
1/27/2021,April,2019,4,upper,4 upper,1.003,4.583,1.251,0.281,0.97
1/27/2021,April,2019,4,middle,4 mid,1.024,4.824,0.486,0.05,0.436
1/27/2021,April,2019,4,bottom,4 bottom,1.76,6.248,1.301,0.183,1.118
1/27/2021,April,2019,5,upper,5 upper,1.021,4.389,0.578,0.067,0.511
1/27/2021,April,2019,5,middle,5 mid,0.991,4.456,0.303,0.048,0.255
1/27/2021,April,2019,5,bottom,5 bottom,0.974,4.517,0.645,0.088,0.557
1/27/2021,April,2019,6,upper,6 upper,1.008,4.45,0.657,0.257,0.4
1/27/2021,April,2019,6,middle,6 mid,0.995,4.435,0.496,0.219,0.277
1/27/2021,April,2019,6,bottom,6 bottom,1.139,4.647,0.907,0.198,0.709
1/27/2021,April,2019,7,upper,7 upper,1.159,4.471,0.835,0.199,0.636
1/27/2021,April,2019,7,middle,7 mid,1.079,4.439,0.715,0.173,0.542
1/27/2021,April,2019,7,bottom,7 bottom,1.105,4.193,0.349,0.048,0.301
1/27/2021,April,2019,8,upper,8 upper,1.135,4.184,1.454,0.393,1.061
1/27/2021,April,2019,8,middle,8 mid,1.161,4.154,0.156,0.099,0.057
1/27/2021,April,2019,8,bottom,8 bottom,1.209,4.457,1.529,0.413,1.116
1/27/2021,May,2019,1,upper,1 upper,0.991,6.314,9.994,0.363,9.631
1/27/2021,May,2019,1,middle,1 mid,1.012,4.969,4.75,0.251,4.499
1/27/2021,May,2019,1,bottom,1 bottom,1.53,5.527,3.409,0.317,3.092
1/27/2021,May,2019,2,upper,2 upper,1.005,4.501,1.944,0.215,1.729
1/27/2021,May,2019,2,middle,2 mid,0.919,4.017,0.644,0.13,0.514
1/27/2021,May,2019,2,bottom,2 bottom,1.024,3.89,0.134,0.101,0.033
1/27/2021,May,2019,3,upper,3 upper,0.981,3.691,0.488,0.134,0.354
1/27/2021,May,2019,3,middle,3 mid,0.964,3.713,0.545,0.086,0.459
1/27/2021,May,2019,3,bottom,3 bottom,0.915,3.663,0.338,0.046,0.292
1/27/2021,May,2019,4,upper,4 upper,1.124,4.196,0.522,0.22,0.302
1/27/2021,May,2019,4,middle,4 mid,0.995,3.725,0.58,0.193,0.387
1/27/2021,May,2019,4,bottom,4 bottom,0.972,4.09,0.35,0.214,0.136
1/27/2021,May,2019,5,upper,5 upper,1.601,5.506,0.909,0.236,0.673
1/27/2021,May,2019,5,middle,5 mid,1.004,3.515,1.185,0.163,1.022
1/27/2021,May,2019,5,bottom,5 bottom,0.928,3.791,1.374,0.265,1.109
1/27/2021,May,2019,6,upper,6 upper,0.943,3.603,0.865,0.164,0.701
1/27/2021,May,2019,6,middle,6 mid,1.735,5.343,2.83,0.186,2.644
1/27/2021,May,2019,6,bottom,6 bottom,0.899,4.099,0.968,0.192,0.776
1/27/2021,May,2019,7,upper,7 upper,0.919,3.525,1.199,0.308,0.891
1/27/2021,May,2019,7,middle,7 mid,1.025,3.94,0.887,0.259,0.628
1/27/2021,May,2019,7,bottom,7 bottom,1.095,4.201,0.851,0.223,0.628
1/27/2021,May,2019,8,upper,8 upper,0.898,3.88,0.558,0.12,0.438
1/27/2021,May,2019,8,middle,8 mid,1.093,3.295,0.421,0.126,0.295
1/27/2021,May,2019,8,bottom,8 bottom,1.085,3.936,1.245,0.162,1.083
1/29/2021,June,2019,1,upper,1 upper,0.896,7.011,7.378,0.474,6.904
1/29/2021,June,2019,1,middle,1 mid,1.587,6.147,3.149,0.513,2.636
1/29/2021,June,2019,1,bottom,1 bottom,1.074,5.743,0.634,0.371,0.263
1/29/2021,June,2019,2,upper,2 upper,1.426,5.243,1.23,0.313,0.917
1/29/2021,June,2019,2,middle,2 mid,1.562,5.579,1.228,0.34,0.888
1/29/2021,June,2019,2,bottom,2 bottom,0.933,4.284,1.023,0.301,0.722
1/29/2021,June,2019,3,upper,3 upper,1.552,5.546,0.557,0.55,0.007
1/29/2021,June,2019,3,middle,3 mid,0.899,4.058,0.378,0.349,0.029
1/29/2021,June,2019,3,bottom,3 bottom,1.609,5.685,1.338,0.363,0.975
1/29/2021,June,2019,4,upper,4 upper,1.586,5.287,0.251,0.119,0.132
1/29/2021,June,2019,4,middle,4 mid,0.851,3.829,1.355,0.352,1.004
1/29/2021,June,2019,4,bottom,4 bottom,1.695,5.675,0.804,0.607,0.197
1/29/2021,June,2019,5,upper,5 upper,0.779,4.12,1.483,0.391,1.092
1/29/2021,June,2019,5,middle,5 mid,0.891,4.035,1.316,0.353,0.963
1/29/2021,June,2019,5,bottom,5 bottom,0.884,4.13,0.409,0.359,0.05
1/29/2021,June,2019,6,upper,6 upper,0.787,3.57,0.379,0.366,0.013
1/29/2021,June,2019,6,middle,6 mid,0.829,3.686,0.446,0.305,0.141
1/29/2021,June,2019,6,bottom,6 bottom,0.807,4.27,0.594,0.355,0.239
1/29/2021,June,2019,7,upper,7 upper,0.769,3.824,1.217,0.369,0.848
1/29/2021,June,2019,7,middle,7 mid,0.858,3.459,0.348,0.208,0.14
1/29/2021,June,2019,7,bottom,7 bottom,0.899,3.909,1.877,0.367,1.51
1/29/2021,June,2019,8,upper,8 upper,0.747,3.794,0.543,0.278,0.265
1/29/2021,June,2019,8,middle,8 mid,0.89,3.432,1.355,0.401,0.954
1/29/2021,June,2019,8,bottom,8 bottom,0.905,3.561,1.771,0.348,1.423
1/29/2021,July,2019,1,upper,1 upper,1.114,3.725,2.274,0.366,1.908
1/29/2021,July,2019,1,middle,1 mid,1.683,4.235,0.649,0.465,0.184
1/29/2021,July,2019,1,bottom,1 bottom,1.376,5.692,0.48,0.389,0.091
1/29/2021,July,2019,2,upper,2 upper,1.134,3.824,0.506,0.363,0.143
1/29/2021,July,2019,2,middle,2 mid,1.387,3.808,0.18,0.131,0.049
1/29/2021,July,2019,2,bottom,2 bottom,1.194,3.491,0.24,0.179,0.061
1/29/2021,July,2019,3,upper,3 upper,1.348,3.66,0.294,0.139,0.155
1/29/2021,July,2019,3,middle,3 mid,1.234,3.412,0.37,0.146,0.224
1/29/2021,July,2019,3,bottom,3 bottom,1.125,3.457,0.274,0.135,0.139
1/29/2021,July,2019,4,upper,4 upper,1.138,3.421,0.231,0.156,0.075
1/29/2021,July,2019,4,middle,4 mid,1.003,3.385,0.465,0.174,0.291
1/29/2021,July,2019,4,bottom,4 bottom,0.984,3.773,0.457,0.167,0.29
1/29/2021,July,2019,5,upper,5 upper,1.886,5.176,0.79,0.28,0.51
1/29/2021,July,2019,5,middle,5 mid,0.865,3.77,0.299,0.138,0.161
1/29/2021,July,2019,5,bottom,5 bottom,1.074,3.755,0.481,0.177,0.304
1/29/2021,July,2019,6,upper,6 upper,1.024,3.311,0.495,0.316,0.179
1/29/2021,July,2019,6,middle,6 mid,1.174,3.363,0.337,0.154,0.183
1/29/2021,July,2019,6,bottom,6 bottom,1.096,3.578,0.351,0.111,0.24
1/29/2021,July,2019,7,upper,7 upper,1.085,3.336,0.291,0.144,0.147
1/29/2021,July,2019,7,middle,7 mid,0.911,3.598,0.421,0.187,0.235
1/29/2021,July,2019,7,bottom,7 bottom,0.962,4.191,0.518,0.142,0.376
1/29/2021,July,2019,8,upper,8 upper,0.843,3.378,0.587,0.137,0.45
1/29/2021,July,2019,8,middle,8 mid,0.953,3.66,0.423,0.207,0.216
1/29/2021,July,2019,8,bottom,8 bottom,0.948,4.099,0.642,0.224,0.418
2/3/2021,August,2019,1,upper,1 upper,1.527,5.631,0.751,0.103,0.648
2/3/2021,August,2019,1,middle,1 mid,2.204,5.808,0.669,0.234,0.435
2/3/2021,August,2019,1,bottom,1 bottom,1.638,5.512,0.437,0.177,0.26
2/3/2021,August,2019,2,upper,2 upper,1.65,5.185,1.146,0.36,0.786
2/3/2021,August,2019,2,middle,2 mid,1.363,4.735,0.41,0.239,0.171
2/3/2021,August,2019,2,bottom,2 bottom,1.472,4.93,0.398,0.194,0.204
2/3/2021,August,2019,3,upper,3 upper,1.225,4.397,0.332,0.201,0.131
2/3/2021,August,2019,3,middle,3 mid,1.53,4.571,0.546,0.203,0.343
2/3/2021,August,2019,3,bottom,3 bottom,1.311,4.083,0.294,0.226,0.068
2/3/2021,August,2019,4,upper,4 upper,1.994,5.203,0.352,0.213,0.139
2/3/2021,August,2019,4,middle,4 mid,2.005,5.408,0.244,0.193,0.051
2/3/2021,August,2019,4,bottom,4 bottom,1.901,5.448,0.349,0.194,0.155
2/3/2021,August,2019,5,upper,5 upper,0.947,3.919,0.273,0.172,0.101
2/3/2021,August,2019,5,middle,5 mid,0.99,3.769,0.24,0.135,0.105
2/3/2021,August,2019,5,bottom,5 bottom,1.129,4.481,0.587,0.257,0.33
2/3/2021,August,2019,6,upper,6 upper,1.259,3.893,0.476,0.154,0.322
2/3/2021,August,2019,6,middle,6 mid,1.316,4.262,0.361,0.171,0.19
2/3/2021,August,2019,6,bottom,6 bottom,1.491,4.106,1.243,0.186,1.057
2/3/2021,August,2019,7,upper,7 upper,1.183,3.774,0.578,0.231,0.347
2/3/2021,August,2019,7,middle,7 mid,1.191,3.633,0.529,0.179,0.35
2/3/2021,August,2019,7,bottom,7 bottom,1.186,4.331,0.738,0.207,0.531
2/3/2021,August,2019,8,upper,8 upper,1.131,3.504,0.398,0.206,0.192
2/3/2021,August,2019,8,middle,8 mid,1.072,3.861,0.588,0.221,0.367
2/3/2021,August,2019,8,bottom,8 bottom,1.086,4.429,1.039,0.281,0.759
2/3/2021,September,2019,1,upper,1 upper,1.294,3.489,0.575,0.197,0.378
2/3/2021,September,2019,1,middle,1 mid,1.426,3.795,0.546,0.265,0.281
2/3/2021,September,2019,1,bottom,1 bottom,1.546,4.947,0.301,0.134,0.167
2/3/2021,September,2019,2,upper,2 upper,1.372,3.615,1.05,0.317,0.733
2/3/2021,September,2019,2,middle,2 mid,1.291,3.666,0.392,0.116,0.276
2/3/2021,September,2019,2,bottom,2 bottom,1.392,3.835,0.094,0.056,0.038
2/3/2021,September,2019,3,upper,3 upper,1.535,4,0.177,0.108,0.069
2/3/2021,September,2019,3,middle,3 mid,1.676,4.279,0.264,0.131,0.133
2/3/2021,September,2019,3,bottom,3 bottom,1.36,3.83,0.582,0.296,0.286
2/3/2021,September,2019,4,upper,4 upper,1.203,3.633,0.534,0.332,0.203
2/3/2021,September,2019,4,middle,4 mid,1.164,3.456,0.307,0.156,0.151
2/3/2021,September,2019,4,bottom,4 bottom,1.319,3.598,0.722,0.401,0.321
2/3/2021,September,2019,5,upper,5 upper,1.381,3.892,0.698,0.39,0.308
2/3/2021,September,2019,5,middle,5 mid,1.37,3.623,0.707,0.347,0.36
2/3/2021,September,2019,5,bottom,5 bottom,1.378,3.874,0.296,0.168,0.128
2/3/2021,September,2019,6,upper,6 upper,1.164,3.839,0.171,0.149,0.022
2/3/2021,September,2019,6,middle,6 mid,1.112,3.876,0.372,0.272,0.1
2/3/2021,September,2019,6,bottom,6 bottom,1.233,3.967,0.872,0.356,0.516
2/3/2021,September,2019,7,upper,7 upper,1.45,3.842,1.584,0.384,1.2
2/3/2021,September,2019,7,middle,7 mid,1.389,4.194,2.961,0.527,2.434
2/3/2021,September,2019,7,bottom,7 bottom,1.294,4.526,1.809,0.307,1.502
2/3/2021,September,2019,8,upper,8 upper,1.273,3.507,0.305,0.195,0.11
2/3/2021,September,2019,8,middle,8 mid,1.593,3.775,0.802,0.204,0.598
2/3/2021,September,2019,8,bottom,8 bottom,1.309,4.53,1.394,0.338,1.056
2/4/2021,October,2019,1,upper,1 upper,1.522,9.28,3.232,0.238,2.994
2/4/2021,October,2019,1,middle,1 mid,1.4,8.996,2.517,0.184,2.333
2/4/2021,October,2019,1,bottom,1 bottom,1.428,7.638,1.873,0.236,1.637
2/4/2021,October,2019,2,upper,2 upper,1.368,6.166,1.261,0.126,1.135
2/4/2021,October,2019,2,middle,2 mid,1.392,5.997,1.582,0.21,1.372
2/4/2021,October,2019,2,bottom,2 bottom,1.393,5.925,1.287,0.187,1.1
2/4/2021,October,2019,3,upper,3 upper,1.385,5.84,2.114,0.228,1.886
2/4/2021,October,2019,3,middle,3 mid,1.578,5.846,2.133,0.216,1.917
2/4/2021,October,2019,3,bottom,3 bottom,1.418,5.854,2.214,0.185,2.029
2/4/2021,October,2019,4,upper,4 upper,1.326,4.665,1.701,0.413,1.288
2/4/2021,October,2019,4,middle,4 mid,1.105,4.473,1.416,0.407,1.009
2/4/2021,October,2019,4,bottom,4 bottom,1.259,4.718,1.309,0.4,0.909
2/4/2021,October,2019,5,upper,5 upper,1.104,4.973,2.515,0.542,1.973
2/4/2021,October,2019,5,middle,5 mid,1.252,5.261,3.472,0.525,2.947
2/4/2021,October,2019,5,bottom,5 bottom,1.401,5.556,1.349,0.203,1.146
2/4/2021,October,2019,6,upper,6 upper,1.269,5.189,2.66,0.235,2.426
2/4/2021,October,2019,6,middle,6 mid,1.717,5.628,1.954,0.22,1.734
2/4/2021,October,2019,6,bottom,6 bottom,1.587,6.035,1.454,0.233,1.221
2/4/2021,October,2019,7,upper,7 upper,2.345,6.223,2.506,0.237,2.269
2/4/2021,October,2019,7,middle,7 mid,1.149,4.423,1.304,0.23,1.074
2/4/2021,October,2019,7,bottom,7 bottom,1.198,4.533,1.762,0.251,1.511
2/4/2021,October,2019,8,upper,8 upper,1.188,4.546,1.137,0.207,0.93
2/4/2021,October,2019,8,middle,8 mid,1.178,4.639,1.073,0.276,0.797
2/4/2021,October,2019,8,bottom,8 bottom,1.134,4.637,1.588,0.268,1.32
2/4/2021,November,2019,1,upper,1 upper,1.242,6.591,10.085,0.662,9.423
2/4/2021,November,2019,1,middle,1 mid,1.391,6.928,10.004,0.63,9.374
2/4/2021,November,2019,1,bottom,1 bottom,1.425,5.765,7.025,0.612,6.413
2/4/2021,November,2019,2,upper,2 upper,1.285,5.657,5.076,0.466,4.61
2/4/2021,November,2019,2,middle,2 mid,1.213,5.088,4.406,0.422,3.984
2/4/2021,November,2019,2,bottom,2 bottom,1.191,5.034,4.358,0.447,3.911
2/4/2021,November,2019,3,upper,3 upper,1.306,5.393,4.795,0.447,4.348
2/4/2021,November,2019,3,middle,3 mid,1.658,5.544,5.393,0.488,4.905
2/4/2021,November,2019,3,bottom,3 bottom,1.403,5.316,5.849,0.552,5.297
2/4/2021,November,2019,4,upper,4 upper,1.239,5.399,8.71,0.71,8.001
2/4/2021,November,2019,4,middle,4 mid,1.279,4.856,5.728,0.597,5.131
2/4/2021,November,2019,4,bottom,4 bottom,1.319,4.486,3.803,0.533,3.27
2/4/2021,November,2019,5,upper,5 upper,1.263,4.093,5.684,0.673,5.011
2/4/2021,November,2019,5,middle,5 mid,1.086,4.609,4.061,0.376,3.685
2/4/2021,November,2019,5,bottom,5 bottom,1.042,4.163,2.996,0.439,2.557
2/4/2021,November,2019,6,upper,6 upper,1.172,4.204,4.132,0.507,3.625
2/4/2021,November,2019,6,middle,6 mid,1.153,4.322,6.454,0.753,5.701
2/4/2021,November,2019,6,bottom,6 bottom,1.148,4.499,5.506,0.671,4.835
2/4/2021,November,2019,7,upper,7 upper,1.228,4.359,5.039,0.688,4.351
2/4/2021,November,2019,7,middle,7 mid,1.158,4.117,4.342,0.659,3.683
2/4/2021,November,2019,7,bottom,7 bottom,1.071,4.181,3.206,0.613,2.593
2/4/2021,November,2019,8,upper,8 upper,0.94,4.169,3.016,0.512,2.504
2/4/2021,November,2019,8,middle,8 mid,0.971,3.939,2.368,0.455,1.913
2/4/2021,November,2019,8,bottom,8 bottom,0.99,4.205,2.324,0.468,1.856
3/17/2021,December,2019,1,upper,1 upper,0.952,11.028,7.834,0.338,7.496
3/17/2021,December,2019,2,upper,2 upper,0.869,5.605,4.704,0.297,4.407
3/17/2021,December,2019,3,upper,3 upper,0.506,4.462,4.225,0.201,4.024
3/17/2021,December,2019,4,upper,4 upper,0.806,4.911,3.198,0.252,2.946
3/17/2021,December,2019,5,upper,5 upper,0.868,4.763,3.003,0.433,2.57
3/17/2021,December,2019,6,upper,6 upper,0.835,5.615,6.398,0.492,5.906
3/17/2021,December,2019,7,upper,7 upper,1.382,7.542,23.976,0.593,23.383
3/17/2021,December,2019,8,upper,8 upper,1.023,5.123,3.628,0.272,3.356
3/29/2021,January,2020,1,upper,1 upper,0.425,8.176,9.522,0.179,9.343
3/29/2021,January,2020,1,middle,1 mid,0.298,5.175,4.642,0.132,4.51
3/29/2021,January,2020,1,bottom,1 bottom,0.249,4.629,3.177,0.087,3.09
3/29/2021,January,2020,2,upper,2 upper,0.479,4.81,4.383,0.107,4.276
3/29/2021,January,2020,2,middle,2 mid,0.301,4.429,3.65,0.142,3.508
3/29/2021,January,2020,2,bottom,2 bottom,0.23,4.154,2.457,0.093,2.364
3/29/2021,January,2020,3,upper,3 upper,0.344,4.391,2.932,0.117,2.815
3/29/2021,January,2020,3,middle,3 mid,0.505,4.515,3.849,0.169,3.68
3/29/2021,January,2020,3,bottom,3 bottom,0.679,5.032,5.281,0.248,5.033
3/29/2021,January,2020,4,upper,4 upper,0.38,3.742,2.993,0.153,2.841
3/29/2021,January,2020,4,middle,4 mid,0.363,3.376,3.426,0.424,3.002
3/29/2021,January,2020,4,bottom,4 bottom,0.307,3.09,3.534,0.445,3.089
3/29/2021,January,2020,5,upper,5 upper,1.36,5.688,3.004,0.418,2.586
3/29/2021,January,2020,5,middle,5 mid,0.356,3.456,3.108,0.487,2.621
3/29/2021,January,2020,5,bottom,5 bottom,0.399,3.152,3.104,0.492,2.612
3/29/2021,January,2020,6,upper,6 upper,0.393,3.813,6.549,0.499,6.05
3/29/2021,January,2020,6,middle,6 mid,0.353,3.788,5.147,0.503,4.644
3/29/2021,January,2020,6,bottom,6 bottom,0.242,3.551,4.167,0.521,3.646
3/29/2021,January,2020,7,upper,7 upper,0.295,3.459,4.909,0.459,4.45
3/29/2021,January,2020,7,middle,7 mid,1.502,3.177,3.675,0.424,3.251
3/29/2021,January,2020,7,bottom,7 bottom,0.365,3.157,2.949,0.415,2.534
3/29/2021,January,2020,8,upper,8 upper,0.334,3.208,3.511,0.405,3.106
3/29/2021,January,2020,8,middle,8 mid,0.415,2.885,2.117,0.379,1.738
3/29/2021,January,2020,8,bottom,8 bottom,0.456,3.039,1.74,0.372,1.368
4/6/2021,February,2020,1,upper,1 upper,1.111,7.387,27.326,0.635,26.691
4/6/2021,February,2020,1,middle,1 mid,1.235,7.21,20.088,0.6,19.488
4/6/2021,February,2020,1,bottom,1 bottom,0.92,6.312,12.751,0.598,12.153
4/6/2021,February,2020,2,upper,2 upper,1.096,6.162,11.288,0.601,10.687
4/6/2021,February,2020,2,middle,2 mid,1.432,5.862,11.159,0.575,10.584
4/6/2021,February,2020,2,bottom,2 bottom,1.165,6.037,7.349,0.637,6.712
4/6/2021,February,2020,3,upper,3 upper,1.069,5.892,3.23,0.605,2.625
4/6/2021,February,2020,3,middle,3 mid,0.858,5.679,3.26,0.539,2.721
4/6/2021,February,2020,3,bottom,3 bottom,1.024,5.657,2.707,0.489,2.218
4/6/2021,February,2020,4,upper,4 upper,1.208,5.49,1.967,0.514,1.454
4/6/2021,February,2020,4,middle,4 mid,1.198,5.545,1.791,0.501,1.29
4/6/2021,February,2020,4,bottom,4 bottom,0.931,5.407,1.589,0.511,1.078
4/6/2021,February,2020,5,upper,5 upper,1.145,5.701,1.573,0.529,1.044
4/6/2021,February,2020,5,middle,5 mid,0.983,5.801,1.714,0.546,1.168
4/6/2021,February,2020,5,bottom,5 bottom,1.072,5.66,1.798,0.545,1.253
4/6/2021,February,2020,6,upper,6 upper,1.318,5.762,6.531,0.614,5.917
4/6/2021,February,2020,6,middle,6 mid,1.154,5.878,5.317,0.666,4.651
4/6/2021,February,2020,6,bottom,6 bottom,1.07,5.944,3.703,0.589,3.114
4/6/2021,February,2020,7,upper,7 upper,1.03,5.344,3.196,0.502,2.694
4/6/2021,February,2020,7,middle,7 mid,1.178,5.805,2.725,0.549,2.177
4/6/2021,February,2020,7,bottom,7 bottom,0.98,6.12,2.616,0.555,2.061
4/6/2021,February,2020,8,upper,8 upper,1.157,5.729,3.451,0.567,2.884
4/6/2021,February,2020,8,middle,8 mid,1.302,5.805,2.257,0.596,1.661
4/6/2021,February,2020,8,bottom,8 bottom,1.295,5.97,1.855,0.606,1.249
3/31/2021,March,2020,1,upper,1 upper,1.173,6.295,8.402,0.466,7.936
3/31/2021,March,2020,1,middle,1 mid,1.1,5.909,4.54,0.367,4.173
3/31/2021,March,2020,1,bottom,1 bottom,1.014,5.749,1.549,0.279,1.27
3/31/2021,March,2020,2,upper,2 upper,1.141,5.884,1.046,0.391,0.655
3/31/2021,March,2020,2,middle,2 mid,1.225,5.769,0.944,0.347,0.597
3/31/2021,March,2020,2,bottom,2 bottom,1.218,5.354,0.916,0.324,0.592
3/31/2021,March,2020,3,upper,3 upper,0.99,5.406,0.998,0.426,0.572
3/31/2021,March,2020,3,middle,3 mid,1.014,5.481,0.914,0.407,0.507
3/31/2021,March,2020,3,bottom,3 bottom,1.057,5.55,0.959,0.435,0.524
3/31/2021,March,2020,4,upper,4 upper,1.099,5.544,1.005,0.433,0.572
3/31/2021,March,2020,4,middle,4 mid,1.312,5.708,1.106,0.439,0.667
3/31/2021,March,2020,4,bottom,4 bottom,1.311,5.602,1.104,0.419,0.685
3/31/2021,March,2020,5,upper,5 upper,1.27,5.935,1.401,0.378,1.023
3/31/2021,March,2020,5,middle,5 mid,1.34,5.905,1.478,0.448,1.03
3/31/2021,March,2020,5,bottom,5 bottom,1.237,5.816,1.5,0.367,1.133
3/31/2021,March,2020,6,upper,6 upper,0.806,5.43,1.19,0.333,0.857
3/31/2021,March,2020,6,middle,6 mid,1.267,5.544,1.115,0.36,0.755
3/31/2021,March,2020,6,bottom,6 bottom,1.371,5.836,1.569,0.404,1.165
3/31/2021,March,2020,7,upper,7 upper,1.283,5.869,1.557,0.369,1.188
3/31/2021,March,2020,7,middle,7 mid,1.153,5.758,1.295,0.485,0.81
3/31/2021,March,2020,7,bottom,7 bottom,1.264,5.909,1.521,0.506,1.015
3/31/2021,March,2020,8,upper,8 upper,1.182,5.549,1.564,0.434,1.13
3/31/2021,March,2020,8,middle,8 mid,0.902,5.896,1.651,0.509,1.142
3/31/2021,March,2020,8,bottom,8 bottom,1.078,5.64,1.388,0.457,0.931
3/31/2021,August,2020,1,upper,1 upper,1.508,6.229,2.252,0.383,1.869
3/31/2021,August,2020,1,middle,1 mid,1.054,4.618,1.537,0.314,1.223
3/31/2021,August,2020,1,bottom,1 bottom,1.492,4.292,1.775,0.301,1.474
3/31/2021,August,2020,2,upper,2 upper,0.824,3.573,0.352,0.239,0.113
3/31/2021,August,2020,2,middle,2 mid,1.385,3.232,0.599,0.24,0.359
3/31/2021,August,2020,2,bottom,2 bottom,1.151,3.529,0.711,0.256,0.456
3/31/2021,August,2020,3,upper,3 upper,1.335,3.709,0.758,0.288,0.47
3/31/2021,August,2020,3,middle,3 mid,1.245,3.786,0.761,0.284,0.477
3/31/2021,August,2020,3,bottom,3 bottom,1.354,3.787,0.799,0.285,0.514
3/31/2021,August,2020,4,upper,4 upper,1.222,3.955,0.823,0.315,0.508
3/31/2021,August,2020,4,middle,4 mid,1.096,3.809,0.753,0.319,0.434
3/31/2021,August,2020,4,bottom,4 bottom,1.114,3.768,0.743,0.324,0.419
3/31/2021,August,2020,5,upper,5 upper,0.999,3.61,0.737,0.294,0.443
3/31/2021,August,2020,5,middle,5 mid,0.812,3.42,0.744,0.241,0.503
3/31/2021,August,2020,5,bottom,5 bottom,0.709,3.807,0.727,0.241,0.486
3/31/2021,August,2020,6,upper,6 upper,0.831,3.704,0.711,0.215,0.496
3/31/2021,August,2020,6,middle,6 mid,0.909,3.588,0.62,0.185,0.435
3/31/2021,August,2020,6,bottom,6 bottom,0.693,3.783,0.76,0.191,0.569
3/31/2021,August,2020,7,upper,7 upper,0.84,3.846,0.863,0.194,0.669
3/31/2021,August,2020,7,middle,7 mid,0.679,3.688,0.806,0.105,0.701
3/31/2021,August,2020,7,bottom,7 bottom,0.561,3.727,0.789,0.106,0.683
3/31/2021,August,2020,8,upper,8 upper,0.524,3.774,0.665,0.124,0.541
3/31/2021,August,2020,8,middle,8 mid,0.893,3.399,0.722,0.29,0.432
3/31/2021,August,2020,8,bottom,8 bottom,0.836,3.816,0.767,0.315,0.452
4/1/2021,September,2020,1,upper,1 upper,1.244,4.827,0.738,0.528,0.21
4/1/2021,September,2020,1,middle,1 mid,1.461,5.021,0.57,0.463,0.107
4/1/2021,September,2020,1,bottom,1 bottom,1.398,5.73,0.687,0.476,0.211
4/1/2021,September,2020,2,upper,2 upper,1.112,4.423,0.895,0.643,0.252
4/1/2021,September,2020,2,middle,2 mid,1.034,4.298,0.613,0.613,0
4/1/2021,September,2020,2,bottom,2 bottom,0.926,4.421,0.486,0.41,0.076
4/1/2021,September,2020,3,upper,3 upper,1.189,5.266,0.606,0.441,0.165
4/1/2021,September,2020,3,middle,3 mid,0.752,5.133,0.751,0.448,0.303
4/1/2021,September,2020,3,bottom,3 bottom,1.261,5.447,0.838,0.485,0.353
4/1/2021,September,2020,4,upper,4 upper,1.065,4.1,0.548,0.471,0.078
4/1/2021,September,2020,4,middle,4 mid,0.942,3.868,0.621,0.451,0.17
4/1/2021,September,2020,4,bottom,4 bottom,1.119,4.668,0.692,0.482,0.21
4/1/2021,September,2020,5,upper,5 upper,1.163,5.339,0.959,0.522,0.437
4/1/2021,September,2020,5,middle,5 mid,1.132,4.675,0.862,0.48,0.382
4/1/2021,September,2020,5,bottom,5 bottom,1,4.737,0.869,0.493,0.376
4/1/2021,September,2020,6,upper,6 upper,0.888,3.488,0.648,0.435,0.213
4/1/2021,September,2020,6,middle,6 mid,0.91,3.992,0.71,0.453,0.257
4/1/2021,September,2020,6,bottom,6 bottom,1.19,4.601,0.786,0.476,0.31
4/1/2021,September,2020,7,upper,7 upper,1.068,4.486,0.803,0.492,0.311
4/1/2021,September,2020,7,middle,7 mid,1.002,4.497,0.791,0.475,0.316
4/1/2021,September,2020,7,bottom,7 bottom,0.674,4.011,0.667,0.459,0.208
4/1/2021,September,2020,8,upper,8 upper,0.942,3.83,0.623,0.462,0.161
4/1/2021,September,2020,8,middle,8 mid,0.741,3.841,0.716,0.458,0.258
4/1/2021,September,2020,8,bottom,8 bottom,0.668,4.086,0.663,0.459,0.204
4/1/2021,October,2020,1,upper,1 upper,1.252,7.05,5.37,0.576,4.794
4/1/2021,October,2020,1,middle,1 mid,1.384,6.668,4.394,0.562,3.832
4/1/2021,October,2020,1,bottom,1 bottom,2.708,8.618,4.318,0.778,3.54
4/1/2021,October,2020,2,upper,2 upper,2.464,7.522,5.673,0.767,4.906
4/1/2021,October,2020,2,middle,2 mid,1.1,4.729,1.671,0.527,1.144
4/1/2021,October,2020,2,bottom,2 bottom,1.296,5.318,1.747,0.558,1.19
4/1/2021,October,2020,3,upper,3 upper,1.513,6.1,1.724,0.566,1.158
4/1/2021,October,2020,3,middle,3 mid,1.564,6.263,1.644,0.585,1.059
4/1/2021,October,2020,3,bottom,3 bottom,1.211,5.694,1.396,0.531,0.865
4/1/2021,October,2020,4,upper,4 upper,1.144,4.811,1.084,0.542,0.542
4/1/2021,October,2020,4,middle,4 mid,0.952,4.615,1.051,0.534,0.517
4/1/2021,October,2020,4,bottom,4 bottom,0.979,4.619,1.123,0.541,0.582
4/1/2021,October,2020,5,upper,5 upper,0.791,4.022,1.342,0.585,0.757
4/1/2021,October,2020,5,middle,5 mid,0.793,3.903,1.379,0.583,0.796
4/1/2021,October,2020,5,bottom,5 bottom,1.686,6.322,2.272,0.847,1.425
4/1/2021,October,2020,6,upper,6 upper,2.28,6.286,3.298,0.73,2.568
4/1/2021,October,2020,6,middle,6 mid,1.334,5.215,1.891,0.597,1.294
4/1/2021,October,2020,6,bottom,6 bottom,1.21,7.386,1.892,0.598,1.294
4/1/2021,October,2020,7,upper,7 upper,1.997,6.612,2.443,0.867,1.576
4/1/2021,October,2020,7,middle,7 mid,2.152,6.707,2.399,0.867,1.532
4/1/2021,October,2020,7,bottom,7 bottom,1.843,6.53,2.436,0.906,1.53
4/1/2021,October,2020,8,upper,8 upper,1.665,6.376,2.373,0.932,1.441
4/1/2021,October,2020,8,middle,8 mid,1.624,6.308,2.28,0.968,1.312
4/1/2021,October,2020,8,bottom,8 bottom,1.604,6.367,2.418,0.981,1.437
4/2/2021,November,2020,4,upper,4 upper,1.871,7.868,4.672,1.076,3.596
4/2/2021,November,2020,4,middle,4 mid,1.77,7.386,4.455,1.074,3.381
4/2/2021,November,2020,4,bottom,4 bottom,1.846,7.724,4.682,1.122,3.56
4/2/2021,November,2020,5,upper,5 upper,1.526,6.153,4.043,1.613,2.43
4/2/2021,November,2020,5,middle,5 mid,1.527,5.957,3.996,1.714,2.282
4/2/2021,November,2020,5,bottom,5 bottom,1.598,5.982,4.004,1.715,2.289
4/2/2021,November,2020,7,upper,7 upper,1.84,7.63,5.051,1.178,3.873
4/2/2021,November,2020,7,middle,7 mid,1.8,6.85,4.485,1.366,3.119
4/2/2021,November,2020,7,bottom,7 bottom,1.698,6.542,4.203,1.443,2.76
4/2/2021,November,2020,8,upper,8 upper,1.563,5.773,3.307,1.401,1.906
4/2/2021,November,2020,8,middle,8 mid,1.484,5.207,2.867,1.398,1.469
4/2/2021,November,2020,8,bottom,8 bottom,1.525,5.688,3.16,1.423,1.737
4/15/2021,December,2020,1,upper,1 upper,1.944,15.069,30.112,1.097,29.015
4/15/2021,December,2020,1,middle,1 mid,2.163,10.461,15.988,1.226,14.762
4/15/2021,December,2020,1,bottom,1 bottom,2.187,9.324,12.153,1.235,10.918
4/15/2021,December,2020,2,upper,2 upper,2.02,9.408,19.066,1.22,17.846
4/15/2021,December,2020,2,middle,2 mid,2.021,9.001,16.375,1.26,15.115
4/15/2021,December,2020,2,bottom,2 bottom,2.155,8.013,10.584,1.276,9.308
4/15/2021,December,2020,3,upper,3 upper,2.154,8.782,13.329,1.244,12.085
4/15/2021,December,2020,3,middle,3 mid,2.122,9.034,13.729,1.269,12.46
4/15/2021,December,2020,3,bottom,3 bottom,2.088,8.624,12.836,1.258,11.578
4/15/2021,December,2020,4,upper,4 upper,2.123,8.59,11.705,1.258,10.447
4/15/2021,December,2020,4,middle,4 mid,2.007,7.944,10.151,1.212,8.939
4/15/2021,December,2020,4,bottom,4 bottom,2.022,9.04,8.703,1.283,7.42
4/15/2021,December,2020,5,upper,5 upper,2.091,8.157,10.546,1.233,9.313
4/15/2021,December,2020,5,middle,5 mid,1.869,7.266,8.371,1.115,7.256
4/15/2021,December,2020,5,bottom,5 bottom,2,6.812,6.828,1.27,5.558
4/15/2021,December,2020,6,upper,6 upper,2.104,8.334,13.581,1.269,12.312
4/15/2021,December,2020,6,middle,6 mid,2.071,8.274,12.624,1.242,11.382
4/15/2021,December,2020,6,bottom,6 bottom,1.951,6.788,8.109,1.288,6.821
4/15/2021,December,2020,7,upper,7 upper,1.992,8.66,11.559,1.23,10.329
4/15/2021,December,2020,7,middle,7 mid,1.781,7.323,9.299,1.251,8.048
4/15/2021,December,2020,7,bottom,7 bottom,1.921,6.052,6.05,1.373,4.677
4/15/2021,December,2020,8,upper,8 upper,1.91,7.432,9.421,1.23,8.191
4/15/2021,December,2020,8,middle,8 mid,1.893,6.333,6.516,1.345,5.171
4/15/2021,December,2020,8,bottom,8 bottom,1.656,5.479,5.046,1.34,3.706
4/23/2021,January,2021,1,upper,1 upper,2.184,10.406,31.828,0.603,31.225
4/23/2021,January,2021,1,middle,1 mid,1.877,7.322,20.788,0.569,20.219
4/23/2021,January,2021,1,bottom,1 bottom,1.111,4.592,7.5,0.387,7.113
4/23/2021,January,2021,2,upper,2 upper,1.809,6.284,16.042,0.602,15.44
4/23/2021,January,2021,2,middle,2 mid,1.702,5.661,12.976,0.596,12.38
4/23/2021,January,2021,2,bottom,2 bottom,1.726,5.498,10.119,0.549,9.57
4/23/2021,January,2021,3,upper,3 upper,0.843,3.596,5.234,0.355,4.879
4/23/2021,January,2021,3,middle,3 mid,0.749,3.806,4.942,0.332,4.61
4/23/2021,January,2021,3,bottom,3 bottom,0.763,3.843,4.922,0.36,4.562
4/23/2021,January,2021,4,upper,4 upper,0.907,4.163,5.628,0.394,5.234
4/23/2021,January,2021,4,middle,4 mid,0.752,3.877,4.74,0.355,4.385
4/23/2021,January,2021,4,bottom,4 bottom,0.713,3.884,4.221,0.329,3.892
4/23/2021,January,2021,5,upper,5 upper,0.678,3.692,2.923,0.314,2.609
4/23/2021,January,2021,5,middle,5 mid,0.806,3.735,3.214,0.35,2.864
4/23/2021,January,2021,5,bottom,5 bottom,0.788,3.615,2.937,0.353,2.584
4/23/2021,January,2021,6,upper,6 upper,0.728,3.165,5.422,0.34,5.082
4/23/2021,January,2021,6,middle,6 mid,0.775,3.59,4.547,0.343,4.204
4/23/2021,January,2021,6,bottom,6 bottom,0.857,3.809,4.004,0.367,3.637
4/23/2021,January,2021,7,upper,7 upper,0.821,3.692,4.167,0.33,3.837
4/23/2021,January,2021,7,middle,7 mid,0.798,3.64,4.336,0.333,4.003
4/23/2021,January,2021,7,bottom,7 bottom,0.742,3.393,5.135,0.318,4.817
4/23/2021,January,2021,8,upper,8 upper,0.688,3.483,4.496,0.346,4.15
4/23/2021,January,2021,8,middle,8 mid,0.705,3.601,3.863,0.348,3.515
4/23/2021,January,2021,8,bottom,8 bottom,0.733,3.586,3.475,0.374,3.101
4/26/2021,February,2021,1,upper,1 upper,0.599,8.9,15.997,0.513,15.484
4/26/2021,February,2021,1,middle,1 mid,0.501,5.746,6.117,0.48,5.637
4/26/2021,February,2021,1,bottom,1 bottom,0.509,4.828,3.417,0.448,2.969
4/26/2021,February,2021,2,upper,2 upper,0.461,6.034,8.835,0.433,8.402
4/26/2021,February,2021,2,middle,2 mid,0.482,4.518,3.195,0.442,2.753
4/26/2021,February,2021,2,bottom,2 bottom,0.534,4.202,0.878,0.53,0.348
4/26/2021,February,2021,3,upper,3 upper,0.498,4.002,0.562,0.443,0.119
4/26/2021,February,2021,3,middle,3 mid,0.487,3.986,1.271,0.452,0.819
4/26/2021,February,2021,3,bottom,3 bottom,0.405,3.702,1.375,0.364,1.011
4/26/2021,February,2021,4,upper,4 upper,0.424,3.729,1.453,0.381,1.072
4/26/2021,February,2021,4,middle,4 mid,0.382,3.7,0.698,0.381,0.317
4/26/2021,February,2021,4,bottom,4 bottom,1.074,5.524,1.097,0.796,0.301
4/26/2021,February,2021,5,upper,5 upper,0.477,3.978,0.996,0.422,0.574
4/26/2021,February,2021,5,middle,5 mid,0.541,4.017,0.634,0.443,0.191
4/26/2021,February,2021,5,bottom,5 bottom,0.693,3.942,1.454,0.443,1.011
4/26/2021,February,2021,6,upper,6 upper,0.553,3.834,1.047,0.45,0.597
4/26/2021,February,2021,6,middle,6 mid,0.509,3.699,0.979,0.404,0.575
4/26/2021,February,2021,6,bottom,6 bottom,0.559,3.855,1.162,0.431,0.731
4/26/2021,February,2021,7,upper,7 upper,0.497,3.998,0.888,0.372,0.516
4/26/2021,February,2021,7,middle,7 mid,0.464,3.308,0.627,0.373,0.254
4/26/2021,February,2021,7,bottom,7 bottom,0.529,3.633,0.63,0.415,0.215
4/26/2021,February,2021,8,upper,8 upper,0.513,3.769,3.206,0.421,2.785
4/26/2021,February,2021,8,middle,8 mid,0.677,3.842,1.104,0.463,0.641
4/26/2021,February,2021,8,bottom,8 bottom,0.675,3.676,2.408,0.422,1.986
4/26/2021,March,2021,1,upper,1 upper,0.569,5.045,6.324,0.481,5.843
4/26/2021,March,2021,1,middle,1 mid,0.448,3.711,2.058,0.408,1.65
4/26/2021,March,2021,1,bottom,1 bottom,0.561,3.686,1.425,0.455,0.97
4/26/2021,March,2021,2,upper,2 upper,0.592,3.592,1.528,0.475,1.053
4/26/2021,March,2021,2,middle,2 mid,0.626,3.498,1.262,0.47,0.792
4/26/2021,March,2021,2,bottom,2 bottom,0.499,3.617,1.267,0.407,0.86
4/26/2021,March,2021,3,upper,3 upper,0.422,3.477,0.738,0.396,0.342
4/26/2021,March,2021,3,middle,3 mid,0.567,3.709,0.677,0.478,0.199
4/26/2021,March,2021,3,bottom,3 bottom,0.537,3.633,0.584,0.45,0.134
4/26/2021,March,2021,4,upper,4 upper,0.581,3.679,0.769,0.461,0.308
4/26/2021,March,2021,4,middle,4 mid,0.518,3.64,1.318,0.432,0.886
4/26/2021,March,2021,4,bottom,4 bottom,0.506,3.488,0.798,0.421,0.377
4/26/2021,March,2021,5,upper,5 upper,1.187,5.422,0.81,0.832,-0.022
4/26/2021,March,2021,5,middle,5 mid,0.608,3.327,0.962,0.469,0.493
4/26/2021,March,2021,5,bottom,5 bottom,0.524,3.301,0.896,0.401,0.495
4/26/2021,March,2021,6,upper,6 upper,0.569,3.636,0.917,0.496,0.421
4/26/2021,March,2021,6,middle,6 mid,0.514,3.635,0.718,0.471,0.247
4/26/2021,March,2021,6,bottom,6 bottom,0.61,3.341,1.542,0.438,1.104
4/26/2021,March,2021,7,upper,7 upper,0.528,3.513,0.732,0.443,0.289
4/26/2021,March,2021,7,middle,7 mid,0.59,3.854,1.208,0.427,0.781
4/26/2021,March,2021,7,bottom,7 bottom,0.712,3.773,1.552,0.488,1.064
4/26/2021,March,2021,8,upper,8 upper,0.567,3.847,1.753,0.451,1.302
4/26/2021,March,2021,8,middle,8 mid,0.682,3.33,0.795,0.468,0.327
4/26/2021,March,2021,8,bottom,8 bottom,0.849,4.043,1.088,0.506,0.582
4/30/2021,April,2021,1,upper,1 upper,0.767,5.806,7.573,0.31,7.263
4/30/2021,April,2021,1,middle,1 mid,0.843,4.963,3.963,0.343,3.62
4/30/2021,April,2021,1,bottom,1 bottom,0.7,4.543,1.325,0.335,0.99
4/30/2021,April,2021,2,upper,2 upper,0.644,4.446,1.9,0.348,1.552
4/30/2021,April,2021,2,middle,2 mid,0.747,4.569,5.428,0.386,5.042
4/30/2021,April,2021,2,bottom,2 bottom,0.68,4.363,2.092,0.361,1.731
4/30/2021,April,2021,3,upper,3 upper,1.215,6.017,1.761,0.71,1.051
4/30/2021,April,2021,3,middle,3 mid,0.685,4.246,0.764,0.369,0.395
4/30/2021,April,2021,3,bottom,3 bottom,0.58,3.847,0.734,0.324,0.41
4/30/2021,April,2021,4,upper,4 upper,0.713,4.086,0.585,0.448,0.137
4/30/2021,April,2021,4,middle,4 mid,0.76,4.263,7.455,0.422,7.033
4/30/2021,April,2021,4,bottom,4 bottom,1.3,5.84,5.516,0.763,4.753
4/30/2021,April,2021,5,upper,5 upper,0.776,4.341,0.892,0.433,0.459
4/30/2021,April,2021,5,middle,5 mid,0.772,4.425,0.778,0.449,0.329
4/30/2021,April,2021,5,bottom,5 bottom,0.824,4.349,1.086,0.44,0.646
4/30/2021,April,2021,6,upper,6 upper,0.787,4.208,2.368,0.395,1.973
4/30/2021,April,2021,6,middle,6 mid,1.371,5.982,9.375,0.748,8.627
4/30/2021,April,2021,6,bottom,6 bottom,0.744,4.075,0.727,0.384,0.343
4/30/2021,April,2021,7,upper,7 upper,0.722,3.947,0.908,0.385,0.523
4/30/2021,April,2021,7,middle,7 mid,0.785,3.988,0.934,0.43,0.505
4/30/2021,April,2021,7,bottom,7 bottom,0.79,4.122,0.673,0.446,0.227
4/30/2021,April,2021,8,upper,8 upper,0.841,4.377,1.268,0.505,0.763
4/30/2021,April,2021,8,middle,8 mid,0.769,4.06,1.184,0.446,0.738
4/30/2021,April,2021,8,bottom,8 bottom,0.904,4.446,1.247,0.521,0.726
6/15/2021,May,2021,1,upper,1 upper,1.494,6.087,1.775,0.78,0.995
6/15/2021,May,2021,1,middle,1 mid,1.552,5.769,1.179,0.79,0.389
6/15/2021,May,2021,1,bottom,1 bottom,1.554,6.06,1.556,0.812,0.744
6/15/2021,May,2021,2,upper,2 upper,1.476,5.74,0.712,0.835,-0.123
6/15/2021,May,2021,2,middle,2 mid,1.513,5.645,0.659,0.837,-0.178
6/15/2021,May,2021,2,bottom,2 bottom,1.525,5.695,0.521,0.858,-0.337
6/15/2021,May,2021,3,upper,3 upper,1.622,6.272,1.566,0.867,0.699
6/15/2021,May,2021,3,middle,3 mid,1.574,5.93,0.84,0.873,-0.033
6/15/2021,May,2021,3,bottom,3 bottom,1.559,5.899,0.904,0.869,0.035
6/15/2021,May,2021,4,upper,4 upper,1.456,5.616,0.689,0.882,-0.193
6/15/2021,May,2021,4,middle,4 mid,1.052,4.757,0.99,0.663,0.327
6/15/2021,May,2021,4,bottom,4 bottom,1.453,5.8,0.935,0.881,0.054
6/15/2021,May,2021,5,upper,5 upper,1.463,5.895,1.238,0.903,0.335
6/15/2021,May,2021,5,middle,5 mid,1.453,5.413,0.737,0.91,-0.174
6/15/2021,May,2021,5,bottom,5 bottom,0.947,4.399,0.986,0.621,0.365
6/15/2021,May,2021,6,upper,6 upper,0.834,3.965,0.815,0.539,0.276
6/15/2021,May,2021,6,middle,6 mid,1.41,5.388,0.864,0.879,-0.015
6/15/2021,May,2021,6,bottom,6 bottom,1.499,6.21,2.08,0.906,1.174
6/15/2021,May,2021,7,upper,7 upper,1.665,5.267,0.71,0.879,-0.169
6/15/2021,May,2021,7,middle,7 mid,1.354,5.577,1.02,0.897,0.123
6/15/2021,May,2021,7,bottom,7 bottom,1.367,5.775,1.065,0.917,0.148
6/15/2021,May,2021,8,upper,8 upper,1.345,5.231,0.666,0.896,-0.23
6/15/2021,May,2021,8,middle,8 mid,1.374,5.79,1.619,0.913,0.706
6/15/2021,May,2021,8,bottom,8 bottom,1.417,5.93,1.528,0.922,0.606
7/6/2021,June,2021,1,upper,1 upper,1.736,4.92,3.75,0.761,2.989
7/6/2021,June,2021,1,middle,1 mid,1.873,4.908,1.087,0.649,0.438
7/6/2021,June,2021,1,bottom,1 bottom,1.938,5.001,1.156,0.669,0.487
7/6/2021,June,2021,2,upper,2 upper,1.648,5.08,0.779,0.718,0.061
7/6/2021,June,2021,2,middle,2 mid,1.661,4.969,0.779,0.695,0.084
7/6/2021,June,2021,2,bottom,2 bottom,1.668,5.11,0.8,0.727,0.073
7/6/2021,June,2021,3,upper,3 upper,1.749,5.07,0.852,0.733,0.119
7/6/2021,June,2021,3,middle,3 mid,1.773,5.206,0.908,0.819,0.089
7/6/2021,June,2021,3,bottom,3 bottom,0.953,3.452,0.788,0.436,0.352
7/6/2021,June,2021,4,upper,4 upper,0.8975,3.27,0.49,0.424,0.066
7/6/2021,June,2021,4,middle,4 mid,0.856,3.295,0.508,0.419,0.089
7/6/2021,June,2021,4,bottom,4 bottom,0.846,3.294,0.492,0.429,0.063
7/6/2021,June,2021,5,upper,5 upper,1.575,5.568,0.926,0.773,0.153
7/6/2021,June,2021,5,middle,5 mid,0.744,3.483,0.561,0.405,0.156
7/6/2021,June,2021,5,bottom,5 bottom,0.837,3.687,0.473,0.419,0.054
7/6/2021,June,2021,6,upper,6 upper,0.465,3.501,0.562,0.469,0.093
7/6/2021,June,2021,6,middle,6 mid,1.593,4.841,0.834,0.743,0.091
7/6/2021,June,2021,6,bottom,6 bottom,0.908,3.474,0.686,0.437,0.249
7/6/2021,June,2021,7,upper,7 upper,0.798,3.209,0.494,0.42,0.074
7/6/2021,June,2021,7,middle,7 mid,1.5995,5.4245,1.051,0.765,0.286
7/6/2021,June,2021,7,bottom,7 bottom,1.595,5.722,1.151,0.78,0.371
7/6/2021,June,2021,8,upper,8 upper,0.924,3.442,0.848,0.434,0.414
7/6/2021,June,2021,8,middle,8 mid,0.861,3.847,0.997,0.458,0.539
7/6/2021,June,2021,8,bottom,8 bottom,0.851,3.552,0.802,0.461,0.341
7/27/2021,July,2021,1,upper,1 upper,2.299,8.757,9.828,0.578,9.25
7/27/2021,July,2021,1,middle,1 mid,2.219,10.307,6.767,0.558,6.209
7/27/2021,July,2021,1,bottom,1 bottom,1.975,10.352,1.764,0.631,1.133
7/27/2021,July,2021,2,upper,2 upper,1.181,4.553,2.851,0.497,2.354
7/27/2021,July,2021,2,middle,2 mid,1.406,4.328,1.221,0.502,0.719
7/27/2021,July,2021,2,bottom,2 bottom,2.244,6.431,1.664,0.852,0.812
7/27/2021,July,2021,3,upper,3 upper,0.851,4.328,0.547,0.461,0.086
7/27/2021,July,2021,3,middle,3 mid,1.836,4.27,1.338,0.48,0.858
7/27/2021,July,2021,3,bottom,3 bottom,1.907,5.379,0.728,0.599,0.129
7/27/2021,July,2021,4,upper,4 upper,1.645,4.17,0.598,0.486,0.112
7/27/2021,July,2021,4,middle,4 mid,2.048,5.256,1.376,0.801,0.575
7/27/2021,July,2021,4,bottom,4 bottom,1.965,6.023,1.106,0.907,0.199
7/27/2021,July,2021,5,upper,5 upper,0.946,4.276,1.442,0.53,0.912
7/27/2021,July,2021,5,middle,5 mid,1.06,4.39,0.888,0.587,0.301
7/27/2021,July,2021,5,bottom,5 bottom,1.539,4.888,1.308,0.648,0.66
7/27/2021,July,2021,6,upper,6 upper,0.588,4.127,0.691,0.549,0.142
7/27/2021,July,2021,6,middle,6 mid,0.772,4.294,0.757,0.583,0.174
7/27/2021,July,2021,6,bottom,6 bottom,0.621,4.387,1.236,0.554,0.682
7/27/2021,July,2021,7,upper,7 upper,0.82,4.736,0.749,0.762,-0.013
7/27/2021,July,2021,7,middle,7 mid,1.982,4.84,0.917,0.664,0.253
7/27/2021,July,2021,7,bottom,7 bottom,0.843,4.818,1.2,0.629,0.571
7/27/2021,July,2021,8,upper,8 upper,0.58,4.27,0.92,0.597,0.323
7/27/2021,July,2021,8,middle,8 mid,0.962,4.497,0.812,0.666,0.146
7/27/2021,July,2021,8,bottom,8 bottom,0.805,4.932,0.994,0.768,0.226
9/1/2021,August,2021,1,upper,1 upper,2.436,8.066,12.202,0.955,11.247
9/1/2021,August,2021,1,middle,1 mid,2.343,9.003,5.521,1.007,4.514
9/1/2021,August,2021,1,bottom,1 bottom,2.338,11.266,3.125,1.087,2.038
9/1/2021,August,2021,2,upper,2 upper,1.695,5.616,0.711,0.573,0.138
9/1/2021,August,2021,2,middle,2 mid,2.137,7.845,1.684,1.096,0.588
9/1/2021,August,2021,2,bottom,2 bottom,1.952,9.14,1.451,1.042,0.409
9/1/2021,August,2021,3,upper,3 upper,1.73,5.754,1.876,0.483,1.393
9/1/2021,August,2021,3,middle,3 mid,1.982,6.669,1.206,1.118,0.088
9/1/2021,August,2021,3,bottom,3 bottom,1.959,9.056,1.592,1.074,0.518
9/1/2021,August,2021,4,upper,4 upper,1.698,5.357,1.802,0.455,1.347
9/1/2021,August,2021,4,middle,4 mid,1.573,5.657,1.08,0.538,0.542
9/1/2021,August,2021,4,bottom,4 bottom,1.81,7.64,1.182,0.59,0.592
9/1/2021,August,2021,5,upper,5 upper,1.919,7.213,1.892,1.241,0.651
9/1/2021,August,2021,5,middle,5 mid,1.585,6.681,1.305,1.034,0.271
9/1/2021,August,2021,5,bottom,5 bottom,1.711,7.236,1.206,1.205,0.001
9/1/2021,August,2021,6,upper,6 upper,1.702,5.219,0.77,0.717,0.053
9/1/2021,August,2021,6,middle,6 mid,1.843,5.997,1.178,0.553,0.625
9/1/2021,August,2021,6,bottom,6 bottom,1.796,7.927,1.414,1.093,0.321
9/1/2021,August,2021,7,upper,7 upper,1.787,5.433,1.135,1.108,0.027
9/1/2021,August,2021,7,middle,7 mid,1.805,7.344,1.2995,1.193,0.107
9/1/2021,August,2021,7,bottom,7 bottom,1.799,7.099,1.268,1.22,0.048
9/1/2021,August,2021,8,upper,8 upper,1.718,5.648,0.745,0.539,0.206
9/1/2021,August,2021,8,middle,8 mid,1.28,5.698,1.019,0.917,0.102
9/1/2021,August,2021,8,bottom,8 bottom,1.555,6.366,1.178,1.109,0.069
11/9/2021,September,2021,1,upper,1 upper,2.385,5.7675,6.3375,1.037,5.301
11/9/2021,September,2021,1,middle,1 mid,2.41,6.565,6.526,1.036,5.49
11/9/2021,September,2021,1,bottom,1 bottom,2.488,8.264,5.857,1.057,4.8
11/9/2021,September,2021,2,upper,2 upper,1.8,5.818,2.708,0.76,1.948
11/9/2021,September,2021,2,middle,2 mid,1.97,6.526,3.208,0.853,2.355
11/9/2021,September,2021,2,bottom,2 bottom,2.387,10.341,4.415,1.027,3.388
11/9/2021,September,2021,3,upper,3 upper,2.099,7.995,3.737,0.942,2.795
11/9/2021,September,2021,3,middle,3 mid,2.115,8.024,3.632,0.922,2.71
11/9/2021,September,2021,3,bottom,3 bottom,2.14,8.209,3.957,0.98,2.977
11/9/2021,September,2021,4,upper,4 upper,1.775,5.173,2.696,0.846,1.85
11/9/2021,September,2021,4,middle,4 mid,2.1045,8.7405,3.725,0.956,2.769
11/9/2021,September,2021,4,bottom,4 bottom,2.289,10.884,3.724,0.988,2.736
11/9/2021,September,2021,5,upper,5 upper,1.858,7.125,3.22,0.889,2.331
11/9/2021,September,2021,5,middle,5 mid,1.833,7.447,2.162,0.788,1.374
11/9/2021,September,2021,5,bottom,5 bottom,1.762,7.281,1.808,0.735,1.073
11/9/2021,September,2021,6,upper,6 upper,2.123,8.441,4.452,0.974,3.478
11/9/2021,September,2021,6,middle,6 mid,2.079,9.184,4.015,0.942,3.073
11/9/2021,September,2021,6,bottom,6 bottom,2.172,10.57,3.847,0.963,2.884
11/9/2021,September,2021,7,upper,7 upper,1.83,5.969,3.51,0.882,2.628
11/9/2021,September,2021,7,middle,7 mid,2.023,8.493,3.356,0.881,2.475
11/9/2021,September,2021,7,bottom,7 bottom,1.898,8.203,2.4125,0.798,1.615
11/9/2021,September,2021,8,upper,8 upper,1.84,6.807,2.092,0.769,1.323
11/9/2021,September,2021,8,middle,8 mid,2.004,6.818,2.007,0.754,1.253
11/9/2021,September,2021,8,bottom,8 bottom,1.987,6.748,1.646,0.734,0.912
11/2/2021,October,2021,1,upper,1 upper,2.708,11.532,9.12,0.921,8.199
11/2/2021,October,2021,1,middle,1 mid,2.728,11.38,7.944,0.937,7.007
11/2/2021,October,2021,1,bottom,1 bottom,2.633,10.618,5.529,0.943,4.586
11/2/2021,October,2021,2,upper,2 upper,2.307,7.383,2.688,0.869,1.819
11/2/2021,October,2021,2,middle,2 mid,2.166,7.231,2.414,0.859,1.555
11/2/2021,October,2021,2,bottom,2 bottom,2.083,7.168,2.199,0.822,1.377
11/2/2021,October,2021,3,upper,3 upper,2.253,9.252,1.942,0.909,1.033
11/2/2021,October,2021,3,middle,3 mid,2.347,9.03,2.269,0.903,1.366
11/2/2021,October,2021,3,bottom,3 bottom,2.267,8.807,1.804,0.902,0.902
11/2/2021,October,2021,4,upper,4 upper,1.9905,6.9295,1.2095,0.854,0.356
11/2/2021,October,2021,4,middle,4 mid,1.975,7.398,1.182,0.878,0.304
11/2/2021,October,2021,4,bottom,4 bottom,3.221,7.686,1.215,0.887,0.328
11/2/2021,October,2021,5,upper,5 upper,2.781,6.89,1.474,0.974,0.5
11/2/2021,October,2021,5,middle,5 mid,2.739,7.131,1.57,0.983,0.587
11/2/2021,October,2021,5,bottom,5 bottom,2.467,7.106,1.398,0.981,0.417
11/2/2021,October,2021,6,upper,6 upper,2.556,7.297,2.263,0.944,1.319
11/2/2021,October,2021,6,middle,6 mid,2.428,7.391,2.081,0.944,1.137
11/2/2021,October,2021,6,bottom,6 bottom,2.331,7.648,2.046,0.951,1.095
11/2/2021,October,2021,7,upper,7 upper,2.243,7.338,1.71,0.921,0.789
11/2/2021,October,2021,7,middle,7 mid,1.9805,7.178,1.564,0.9255,0.639
11/2/2021,October,2021,7,bottom,7 bottom,1.915,7.258,1.554,0.93,0.624
11/2/2021,October,2021,8,upper,8 upper,1.895,7.219,1.459,0.955,0.504
11/2/2021,October,2021,8,middle,8 mid,1.857,7.119,1.723,1.056,0.667
11/2/2021,October,2021,8,bottom,8 bottom,1.862,7.434,1.901,1.145,0.756
11/16/2021,November,2021,1,upper,1 upper,2.397,9.959,23.151,0.863,22.288
11/16/2021,November,2021,1,middle,1 mid,2.525,9.981,16.972,0.92,16.052
11/16/2021,November,2021,1,bottom,1 bottom,2.382,9.966,7.373,1.017,6.356
11/16/2021,November,2021,2,upper,2 upper,2.256,9.019,11.04,0.958,10.082
11/16/2021,November,2021,2,middle,2 mid,2.222,9.179,11.05,0.962,10.088
11/16/2021,November,2021,2,bottom,2 bottom,2.219,8.983,8.579,0.978,7.601
11/16/2021,November,2021,3,upper,3 upper,2.177,9.44,6.812,0.971,5.841
11/16/2021,November,2021,3,middle,3 mid,2.174,9.431,6.752,0.975,5.777
11/16/2021,November,2021,3,bottom,3 bottom,2.206,9.441,6.772,0.966,5.806
11/16/2021,November,2021,4,upper,4 upper,2.168,8.835,6.0385,0.956,5.083
11/16/2021,November,2021,4,middle,4 mid,2.086,8.508,5.28,0.971,4.309
11/16/2021,November,2021,4,bottom,4 bottom,1.921,7.992,4.609,0.953,3.656
11/16/2021,November,2021,5,upper,5 upper,1.951,7.348,3.833,0.999,2.834
11/16/2021,November,2021,5,middle,5 mid,1.912,7.343,3.813,1.013,2.8
11/16/2021,November,2021,5,bottom,5 bottom,1.899,7.429,3.798,1.022,2.776
11/16/2021,November,2021,6,upper,6 upper,2.071,8.413,6.94,0.972,5.968
11/16/2021,November,2021,6,middle,6 mid,2.019,8.218,6.304,1.008,5.296
11/16/2021,November,2021,6,bottom,6 bottom,1.994,8.066,5.104,1.074,4.03
11/16/2021,November,2021,7,upper,7 upper,1.911,8.046,4.973,1.036,3.937
11/16/2021,November,2021,7,middle,7 mid,1.8625,7.516,4.2805,1.0705,3.21
11/16/2021,November,2021,7,bottom,7 bottom,1.827,7.155,3.617,1.11,2.507
11/16/2021,November,2021,8,upper,8 upper,1.853,7.352,4.257,1.062,3.195
11/16/2021,November,2021,8,middle,8 mid,1.812,6.978,3.657,1.096,2.561
11/16/2021,November,2021,8,bottom,8 bottom,1.699,6.59,2.996,1.126,1.87
12/16/2021,December,2021,1,upper,1 upper,1.492,8.914,29.132,0.864,28.268
12/16/2021,December,2021,1,middle,1 mid,2.154,9.726,26.461,1.214,25.247
12/16/2021,December,2021,1,bottom,1 bottom,2.079,8.572,17.817,1.216,16.601
12/16/2021,December,2021,2,upper,2 upper,2.098,7.64,12.432,1.28,11.152
12/16/2021,December,2021,2,middle,2 mid,2.115,7.604,12.005,1.271,10.734
12/16/2021,December,2021,2,bottom,2 bottom,4.105,8.165,11.7,1.283,10.417
12/16/2021,December,2021,3,upper,3 upper,1.999,7.264,8.806,1.221,7.585
12/16/2021,December,2021,3,middle,3 mid,1.971,7.197,8.468,1.266,7.202
12/16/2021,December,2021,3,bottom,3 bottom,2.0825,7.2445,8.696,1.2505,7.446
12/16/2021,December,2021,4,upper,4 upper,1.951,6.458,7.574,1.293,6.281
12/16/2021,December,2021,4,middle,4 mid,2.041,6.514,7.693,1.284,6.409
12/16/2021,December,2021,4,bottom,4 bottom,1.922,6.368,7.552,1.278,6.274
12/16/2021,December,2021,5,upper,5 upper,1.783,5.787,5.341,1.231,4.11
12/16/2021,December,2021,5,middle,5 mid,1.663,5.521,4.917,1.167,3.75
12/16/2021,December,2021,5,bottom,5 bottom,1.77,5.749,5.253,1.237,4.016
12/16/2021,December,2021,6,upper,6 upper,2.019,6.777,9.046,1.285,7.761
12/16/2021,December,2021,6,middle,6 mid,1.948,6.602,8.663,1.278,7.385
12/16/2021,December,2021,6,bottom,6 bottom,1.933,6.656,8.043,1.287,6.756
12/16/2021,December,2021,7,upper,7 upper,1.818,6.0875,6.9565,1.282,5.675
12/16/2021,December,2021,7,middle,7 mid,1.827,5.974,6.384,1.308,5.076
12/16/2021,December,2021,7,bottom,7 bottom,1.693,5.668,5.047,1.22,3.827
12/16/2021,December,2021,8,upper,8 upper,1.776,5.856,6.134,1.266,4.868
12/16/2021,December,2021,8,middle,8 mid,1.623,5.551,4.762,1.152,3.61
12/16/2021,December,2021,8,bottom,8 bottom,1.61,5.429,3.67,1.104,2.566
