beetag_exprun,resp_rate,red_delta,log_PAM_delta,treat_ID,dose,temp,sym_state,e_coli_plate,col_num
B14G14_exp2B,-0.00625,-0.0625,-0.201,CNTRL_20_A,0,20,A,0,149
B14G14_exp1A,-0.00489,0.02062,0.115,CNTRL_20_A,0,20,A,0,168
B13G3_exp2A,-0.00707,-0.01737,-0.098,CNTRL_20_A,0,20,A,0,199
B13G8_exp3A,-0.00252,-0.01946,-0.189,CNTRL_20_A,0,20,A,0,237
O1B1_exp3B,-0.00456,-0.00143,0.118,CNTRL_20_A,0,20,A,0,238
B22G28_exp1B,-0.00123,-0.00055,0.138,CNTRL_20_A,0,20,A,0,169
B13G13_exp3A,-0.00913,-0.00143,-0.148,CNTRL_20_S,0,20,S,0,240
O1B4_exp3B,-0.00475,-0.06275,-0.418,CNTRL_20_S,0,20,S,0,245
B13G10_exp2A,-0.0056,0.03735,-0.312,CNTRL_20_S,0,20,S,0,175
B14G21_exp1A,-0.00293,0.04762,0.206,CNTRL_20_S,0,20,S,0,153
B14G17_exp2B,-0.00323,-0.01655,-0.04,CNTRL_20_S,0,20,S,0,159
B15G23_exp1A,-0.00296,0.0604,0.179,CNTRL_20_A,0,20,A,0,150
O2B7_exp3B,-0.00536,0.00712,0.052,CNTRL_20_A,0,20,A,0,238
B23G33_exp1B,-0.00281,-0.0009,0.123,CNTRL_20_A,0,20,A,0,166
B22G30_exp3A,-0.0067,-0.09828,-0.017,CNTRL_20_A,0,20,A,0,237
B15G22_exp2B,-0.00207,-0.0131,-0.058,CNTRL_20_A,0,20,A,0,169
B23G36_exp1B,-0.00201,0.05642,-0.072,CNTRL_20_S,0,20,S,0,164
B15G24_exp2B,-0.00173,-0.05904,0.072,CNTRL_20_S,0,20,S,0,180
B22G27_exp2A,-0.00946,0.11298,0.129,CNTRL_20_S,0,20,S,0,207
B15G24_exp1A,-0.00224,0.01298,-0.282,CNTRL_20_S,0,20,S,0,149
O2B10_exp3B,-0.00442,-0.09177,-0.216,CNTRL_20_S,0,20,S,0,249
B22G31_exp3A,-0.00819,-0.07566,-0.551,CNTRL_20_S,0,20,S,0,239
B31G77_exp2B,-0.00387,0.03721,-0.046,CNTRL_30_A,0,30,A,0,167
B25G44_exp3A,-0.00464,0.03737,0.182,CNTRL_30_A,0,30,A,0,237
W1O1_exp3B,-0.00372,-0.01629,-0.039,CNTRL_30_A,0,30,A,0,238
B27G54_exp1A,-0.0044,-0.05154,0.433,CNTRL_30_A,0,30,A,0,150
B29G64_exp1B,-0.00138,-0.00421,-0.186,CNTRL_30_A,0,30,A,0,164
B25G43_exp2A,-0.00362,0.02337,-0.175,CNTRL_30_A,0,30,A,0,174
B25G47_exp3A,-0.00385,0.11913,-0.03,CNTRL_30_S,0,30,S,0,240
B27G57_exp1A,-0.00437,0.07789,-0.178,CNTRL_30_S,0,30,S,0,153
B25G46_exp2A,-0.00865,0.01999,-0.045,CNTRL_30_S,0,30,S,0,185
B29G70_exp1B,-0.00423,0.02857,0.232,CNTRL_30_S,0,30,S,0,161
W1O3_exp3B,-0.00446,-0.15194,-0.014,CNTRL_30_S,0,30,S,0,251
B31G80_exp2B,-0.00223,-0.01145,-0.341,CNTRL_30_S,0,30,S,0,206
B32G83_exp2B,-0.00332,-0.04383,-0.091,CNTRL_30_A,0,30,A,0,170
B32G83_exp1B,-0.00243,-0.00784,0.024,CNTRL_30_A,0,30,A,0,166
W2O7_exp3B,-0.00787,0.00242,0.117,CNTRL_30_A,0,30,A,0,238
B26G48_exp2A,-0.00584,0.04075,-0.427,CNTRL_30_A,0,30,A,0,193
B26G50_exp3A,-0.0078,-0.01982,0.137,CNTRL_30_A,0,30,A,0,237
B30G73_exp1A,-0.00178,0.03029,0.049,CNTRL_30_A,0,30,A,0,151
B30G75_exp1A,-0.00328,0.0971,-0.025,CNTRL_30_S,0,30,S,0,154
B32G87_exp1B,-0.00305,0.04102,-0.219,CNTRL_30_S,0,30,S,0,164
B32G87_exp2B,-0.00728,0.11474,0.018,CNTRL_30_S,0,30,S,0,208
B26G52_exp3A,-0.00534,0.01863,0.009,CNTRL_30_S,0,30,S,0,241
W2O10_exp3B,-0.00351,0.00391,-0.288,CNTRL_30_S,0,30,S,0,250
B26G51_exp2A,-0.00713,0.07391,-0.037,CNTRL_30_S,0,30,S,0,196
G29Y71_exp1A,-0.00469,0.20763,0.238,N_1.5_20_A,1.5,20,A,0,150
G25Y45_exp2B,-0.00513,-0.02114,-0.495,N_1.5_20_A,1.5,20,A,0,157
G30Y75_exp1B,-0.00747,0.06997,0.188,N_1.5_20_A,1.5,20,A,0,163
O5G2_exp3B,-0.0057,0.06045,0.012,N_1.5_20_A,1.5,20,A,0,238
G23Y1819_exp2A,-0.0023,0.01988,0.191,N_1.5_20_A,1.5,20,A,0,199
G23Y2820_exp3A,-0.00138,-0.06781,-0.066,N_1.5_20_A,1.5,20,A,0,237
G30Y78_exp1B,-0.00743,0.23846,0.089,N_1.5_20_S,1.5,20,S,0,160
G23Y2129_exp2A,-0.00303,0.07235,0.161,N_1.5_20_S,1.5,20,S,0,185
O5G5_exp3B,-0.00338,0.03998,-0.456,N_1.5_20_S,1.5,20,S,0,245
G23Y5017_exp3A,-0.00419,-0.03037,-0.451,N_1.5_20_S,1.5,20,S,0,240
G29Y73_exp1A,-0.00448,-0.13059,0.128,N_1.5_20_S,1.5,20,S,0,147
G25Y47_exp2B,-0.00413,-0.03784,-0.457,N_1.5_20_S,1.5,20,S,0,171
G24Y44_exp3A,-0.00401,0.08242,0.117,N_1.5_20_S,1.5,20,S,0,230
G31Y82_exp1A,-0.00222,0.01075,0.285,N_1.5_20_A,1.5,20,A,0,150
G24Y41_exp3A,-0.00254,0.04724,0.014,N_1.5_20_A,1.5,20,A,0,237
G34Y3_exp1B,-0.00518,-0.02675,0.368,N_1.5_20_A,1.5,20,A,0,166
G24Y41_exp2A,-0.0041,-0.04248,0.23,N_1.5_20_A,1.5,20,A,0,203
G34Y10_exp1B,-0.00311,0.07094,-0.295,N_1.5_20_S,1.5,20,S,0,164
O8G11_exp3B,-0.00495,-0.03337,-0.3,N_1.5_20_S,1.5,20,S,0,249
G27Y55_exp2B,-0.00143,0.00824,0.106,N_1.5_20_S,1.5,20,S,0,169
G31Y83_exp1A,-0.00266,-0.04487,0.15,N_1.5_20_S,1.5,20,S,0,150
G27Y58_exp2B,-0.00485,-0.02879,-0.319,N_1.5_20_S,1.5,20,S,0,208
O8G10_exp3B,-0.00555,0.0236,-0.083,N_1.5_20_S,1.5,20,S,0,244
G24Y43_exp2A,-0.00448,-0.03781,-0.265,N_1.5_20_S,1.5,20,S,0,186
G23Y2820_exp1B,-0.00348,0.04499,-0.144,N_1.5_30_A,1.5,30,A,0,183
G28Y63_exp1A,-0.00318,0.10239,0.039,N_1.5_30_A,1.5,30,A,0,150
G33Y94_exp2A,-0.00304,0.05456,-0.206,N_1.5_30_A,1.5,30,A,0,186
G33Y94_exp3A,-0.00212,0.06308,0.003,N_1.5_30_A,1.5,30,A,0,237
W5O29_exp3B,-0.00292,0.02352,0.131,N_1.5_30_A,1.5,30,A,0,238
G26Y54_exp2B,-0.00222,0.01747,0.01,N_1.5_30_S,1.5,30,S,0,223
G23Y2129_exp1B,-0.00484,0.06342,-0.23,N_1.5_30_S,1.5,30,S,0,161
W5O27_exp3B,-0.00575,0.01878,0.21,N_1.5_30_S,1.5,30,S,0,246
G33Y97_exp3A,-0.00521,0.02212,-0.024,N_1.5_30_S,1.5,30,S,0,239
G28Y64_exp1A,-0.00282,-0.11505,0.211,N_1.5_30_S,1.5,30,S,0,142
G26Y50_exp2B,-0.00154,-0.06816,-0.209,N_1.5_30_S,1.5,30,S,0,167
G33Y1_exp2A,-0.00144,-0.00712,-0.304,N_1.5_30_S,1.5,30,S,0,206
G34Y3_exp2A,-0.00214,0.1268,0.101,N_1.5_30_A,1.5,30,A,0,193
G28Y62_exp2B,-0.00391,0.05377,-0.063,N_1.5_30_A,1.5,30,A,0,170
G24Y40_exp1B,-0.00344,0.05687,0.074,N_1.5_30_A,1.5,30,A,0,166
G25Y45_exp1A,-0.00185,0.02445,0.215,N_1.5_30_A,1.5,30,A,0,162
G25Y47_exp1A,-0.00341,-0.00816,-0.214,N_1.5_30_S,1.5,30,S,0,152
G24Y43_exp1B,-0.00358,0.035,-0.096,N_1.5_30_S,1.5,30,S,0,165
W7O34_exp3B,-0.00196,-0.01862,-0.474,N_1.5_30_S,1.5,30,S,0,252
G34Y10_exp2A,-0.00206,-0.03479,-0.135,N_1.5_30_S,1.5,30,S,0,198
G28Y64_exp2B,-0.00289,0.00258,-0.162,N_1.5_30_S,1.5,30,S,0,188
G34Y10_exp3A,-0.00452,-0.07445,-0.045,N_1.5_30_S,1.5,30,S,0,239
R1W3_exp2A,-0.00261,0.09867,-0.416,N_18_20_A,18,20,A,0,174
R3W10_exp1A,-0.00265,0.19397,0.165,N_18_20_A,18,20,A,0,150
R10W45_exp1B,-0.00568,0.02914,0.212,N_18_20_A,18,20,A,0,163
R3W10_exp2B,-0.00422,0.00701,-0.037,N_18_20_A,18,20,A,0,194
R3W12_exp2B,-0.00533,0.00429,0.018,N_18_20_S,18,20,S,0,205
R10W48_exp1B,-0.00462,-0.00207,0.148,N_18_20_S,18,20,S,0,161
R3W12_exp1A,-0.00661,-0.10435,-0.012,N_18_20_S,18,20,S,0,147
R1W2_exp2A,-0.00321,-0.09244,-0.496,N_18_20_S,18,20,S,0,206
R4W14_exp2B,-0.00411,-0.04708,-0.432,N_18_20_A,18,20,A,0,170
R10W45_exp2A,-0.00224,-0.01739,-0.391,N_18_20_A,18,20,A,0,192
R11W51_exp1B,-0.00233,0.03051,0.215,N_18_20_A,18,20,A,0,171
R5W21_exp1A,-0.00419,-0.00745,0.057,N_18_20_A,18,20,A,0,162
R10W48_exp2A,-0.00295,0.0914,0.304,N_18_20_S,18,20,S,0,193
R5W26_exp1A,-0.00531,-0.04776,0.054,N_18_20_S,18,20,S,0,154
R4W17_exp2B,-0.00626,0.11765,-0.213,N_18_20_S,18,20,S,0,188
R11W53_exp1B,-0.00468,-0.01111,0.108,N_18_20_S,18,20,S,0,164
R14W71_exp2A,-0.00214,0.04196,0.345,N_18_30_A,18,30,A,0,202
R21W94_exp1B,-0.00414,0.02341,0.148,N_18_30_A,18,30,A,0,166
R4W15_exp1A,-0.00183,-0.00676,-0.057,N_18_30_A,18,30,A,0,150
W15O67_exp3B,-0.00938,-0.13622,0.39,N_18_30_A,18,30,A,0,238
R14W70_exp3A,-0.00326,-0.01792,-0.034,N_18_30_A,18,30,A,0,227
R21W100_exp1B,-0.00329,0.03757,0.106,N_18_30_S,18,30,S,0,163
R14W73_exp2A,-0.00155,0.03699,-0.015,N_18_30_S,18,30,S,0,193
R7W37_exp2B,-0.00662,0.07121,-0.483,N_18_30_S,18,30,S,0,175
R4W17_exp1A,-0.00539,-0.0516,-0.299,N_18_30_S,18,30,S,0,142
R14W73_exp3A,-0.00229,0.00801,-0.052,N_18_30_S,18,30,S,0,239
R6W29_exp1A,-0.00434,0.19679,-0.019,N_18_30_A,18,30,A,0,151
R8W40_exp2B,-0.00519,-0.03692,0.002,N_18_30_A,18,30,A,0,170
W16O73_exp3B,-0.00668,-0.03594,-0.152,N_18_30_A,18,30,A,0,241
R15W76_exp3A,-0.00268,-0.03042,-0.064,N_18_30_A,18,30,A,0,237
R15W75_exp2A,-0.00328,0.00046,-0.006,N_18_30_A,18,30,A,0,194
R15W78_exp2A,-0.00191,0.07299,-0.209,N_18_30_S,18,30,S,0,193
R17W84_exp1B,NA,-0.01399,0.094,N_18_30_S,18,30,S,0,166
R15W78_exp3A,-0.00574,0.057,-0.504,N_18_30_S,18,30,S,0,239
R8W43_exp2B,-0.0097,-0.05261,-0.153,N_18_30_S,18,30,S,0,209
W16O75_exp3B,NA,-0.01962,-0.422,N_18_30_S,18,30,S,0,247
R6W30_exp1A,-0.00423,-0.24059,0.048,N_18_30_S,18,30,S,0,152
Y1B8_exp1A,-0.00573,0.09589,0.309,N_5_20_A,5,20,A,0,150
Y5B35_exp1B,-0.00524,0.01853,-0.076,N_5_20_A,5,20,A,0,160
Y3B26_exp2A,-0.00193,0.06247,0.157,N_5_20_A,5,20,A,0,199
O12Y1_exp3B,-0.00373,-0.05279,-0.009,N_5_20_A,5,20,A,0,238
Y1B5_exp2B,-0.00349,-0.01712,0.046,N_5_20_A,5,20,A,0,159
Y5B38_exp1B,-0.00654,-0.00084,0.153,N_5_20_S,5,20,S,0,161
Y1B10_exp2B,-0.00439,0.03393,0.095,N_5_20_S,5,20,S,0,171
Y3B28_exp2A,-0.00213,0.00314,-0.46,N_5_20_S,5,20,S,0,185
O12Y4_exp3B,-0.0023,0.06882,0.055,N_5_20_S,5,20,S,0,246
Y1B10_exp1A,-0.00462,0.02032,-0.064,N_5_20_S,5,20,S,0,142
Y13B70_exp1B,-0.00815,0.0277,0.243,N_5_20_A,5,20,A,0,166
Y10B51_exp1A,-0.00585,0.08875,-0.068,N_5_20_A,5,20,A,0,150
O13Y7_exp3B,-0.00635,-0.01591,0.166,N_5_20_A,5,20,A,0,238
Y4B30_exp2A,-0.0031,-0.07969,0.169,N_5_20_A,5,20,A,0,187
Y5B35_exp2B,-0.00245,0.00554,0.019,N_5_20_A,5,20,A,0,169
Y13B73_exp1B,-0.00357,0.04272,0.11,N_5_20_S,5,20,S,0,164
Y5B37_exp2B,-0.0044,-0.01739,-0.097,N_5_20_S,5,20,S,0,186
Y4B33_exp2A,-0.00333,0.02838,0.083,N_5_20_S,5,20,S,0,186
O13Y10_exp3B,-0.00717,0.02059,-0.025,N_5_20_S,5,20,S,0,249
Y10B53_exp1A,-0.00347,-0.05198,0.026,N_5_20_S,5,20,S,0,154
Y2B14_exp1A,-0.00332,-0.02557,0.334,N_5_30_A,5,30,A,0,150
Y7B40_exp1B,-0.00392,-0.00575,-0.11,N_5_30_A,5,30,A,0,165
Y12B62_exp2A,-0.00155,0.03619,0.067,N_5_30_A,5,30,A,0,186
W11O46_exp3B,-0.00666,0.00266,0.063,N_5_30_A,5,30,A,0,238
Y8B46_exp3A,-0.00402,0.09379,0.091,N_5_30_A,5,30,A,0,237
Y14B75_exp2B,-0.00284,-0.05565,-0.219,N_5_30_A,5,30,A,0,168
Y12B65_exp2A,-0.00139,0.05229,-0.203,N_5_30_S,5,30,S,0,192
Y7B43_exp1B,-0.00401,0.01863,0.01,N_5_30_S,5,30,S,0,163
Y2B22_exp1A,-0.00354,0.00281,-0.026,N_5_30_S,5,30,S,0,149
W11O48_exp3B,-0.00421,-0.09041,-0.007,N_5_30_S,5,30,S,0,251
Y8B48_exp3A,-0.00419,-0.21164,-0.051,N_5_30_S,5,30,S,0,239
Y14B77_exp2B,-0.00621,-0.012,-0.178,N_5_30_S,5,30,S,0,175
Y15B80_exp2B,-0.00494,-0.03305,-0.104,N_5_30_A,5,30,A,0,170
W12O51_exp3B,-0.00768,-0.17359,-0.493,N_5_30_A,5,30,A,0,241
Y12B62_exp3A,-0.00208,0.04431,0.112,N_5_30_A,5,30,A,0,232
Y8B46_exp1B,-0.00273,0.03898,0.178,N_5_30_A,5,30,A,0,171
Y13B70_exp2A,-0.00136,0.03016,-0.01,N_5_30_A,5,30,A,0,194
Y14B76_exp1A,-0.0058,0.04253,-0.207,N_5_30_A,5,30,A,0,151
Y8B48_exp1B,-0.00393,0.01219,-0.056,N_5_30_S,5,30,S,0,166
Y13B73_exp2A,-0.00267,0.03293,-0.391,N_5_30_S,5,30,S,0,193
Y14B77_exp1A,-0.00237,-0.01382,0.085,N_5_30_S,5,30,S,0,152
Y12B65_exp3A,-0.00512,0.00364,-0.01,N_5_30_S,5,30,S,0,239
Y15B83_exp2B,-0.00408,0.04596,-0.193,N_5_30_S,5,30,S,0,189
W12O53_exp3B,-0.00552,-0.09663,-0.199,N_5_30_S,5,30,S,0,247
B13G2_exp3A,-0.0041,0.0347,-0.116,CNTRL_20_A,0,20,A,1,223
B13G8_exp2A,-0.00394,-0.01362,-0.044,CNTRL_20_A,0,20,A,1,226
B22G29_exp1B,-0.00306,0.0143,0.213,CNTRL_20_A,0,20,A,1,183
B14G15_exp1A,-0.00422,0.01487,0.072,CNTRL_20_A,0,20,A,1,150
B14G15_exp2B,-0.00476,-0.00672,-0.02,CNTRL_20_A,0,20,A,1,184
B14G21_exp2B,-0.00339,-0.01022,0.025,CNTRL_20_S,0,20,S,1,223
B22G31_exp1B,-0.0036,-0.03741,0.196,CNTRL_20_S,0,20,S,1,171
B14G20_exp1A,-0.00275,0.04946,0.174,CNTRL_20_S,0,20,S,1,145
O1B2_exp3B,-0.00659,0.00264,0.02,CNTRL_20_S,0,20,S,1,242
B13G13_exp2A,-0.00479,-0.03859,-0.257,CNTRL_20_S,0,20,S,1,206
B13G10_exp3A,-0.00521,-0.02802,0.046,CNTRL_20_S,0,20,S,1,239
B23G35_exp1B,-0.00228,0.02549,0.169,CNTRL_20_A,0,20,A,1,184
B22G29_exp3A,-0.00347,-0.04129,-0.146,CNTRL_20_A,0,20,A,1,237
B15G23_exp2B,-0.00794,0.03543,-0.062,CNTRL_20_A,0,20,A,1,203
B22G30_exp2A,-0.00715,-0.17915,0.416,CNTRL_20_S,0,20,S,1,228
B15G25_exp1A,-0.00514,-0.0112,0.136,CNTRL_20_S,0,20,S,1,157
B22G27_exp3A,-0.00465,-0.03489,-0.573,CNTRL_20_S,0,20,S,1,241
B22G31_exp2A,-0.00675,0.04099,-0.047,CNTRL_20_S,0,20,S,1,186
B23G37_exp1B,-0.0026,0.01709,0.028,CNTRL_20_S,0,20,S,1,172
B15G25_exp2B,-0.00487,0.03037,0.082,CNTRL_20_S,0,20,S,1,208
O2B11_exp3B,-0.0052,-0.08212,0.044,CNTRL_20_S,0,20,S,1,252
B29G67_exp1B,-0.00445,0.00748,-0.194,CNTRL_30_A,0,30,A,1,183
B25G45_exp2A,-0.00347,0.04594,-0.078,CNTRL_30_A,0,30,A,1,226
B25G43_exp3A,-0.00355,0.04865,-0.26,CNTRL_30_A,0,30,A,1,226
B31G78_exp2B,-0.00401,0.05848,-0.166,CNTRL_30_A,0,30,A,1,195
B26G48_exp3A,-0.00598,0.03119,-0.19,CNTRL_30_A,0,30,A,1,229
B27G53_exp1A,-0.00303,0.05703,0.102,CNTRL_30_A,0,30,A,1,168
B25G47_exp2A,-0.00501,0.0035,0.248,CNTRL_30_S,0,30,S,1,206
B27G56_exp1A,-0.0052,0.05292,0.057,CNTRL_30_S,0,30,S,1,147
B25G46_exp3A,-0.00517,0.00414,-0.01,CNTRL_30_S,0,30,S,1,239
B29G71_exp1B,-0.00298,-0.0376,0.115,CNTRL_30_S,0,30,S,1,171
W1O4_exp3B,-0.0051,-0.01628,0.337,CNTRL_30_S,0,30,S,1,245
B31G82_exp2B,-0.00467,0.01565,-0.081,CNTRL_30_S,0,30,S,1,223
W1O2_exp3B,-0.00329,-0.06492,-0.055,CNTRL_30_S,0,30,S,1,242
B26G51_exp3A,-0.00489,0.10047,-0.005,CNTRL_30_A,0,30,A,1,239
B30G72_exp1A,-0.00244,0.00186,0.136,CNTRL_30_A,0,30,A,1,162
B32G84_exp2B,-0.00068,-0.02751,-0.013,CNTRL_30_A,0,30,A,1,211
B26G49_exp2A,-0.00219,-0.04885,0.029,CNTRL_30_A,0,30,A,1,206
B32G84_exp1B,-0.00247,-0.02933,0.042,CNTRL_30_A,0,30,A,1,171
B30G76_exp1A,-0.00492,-0.03191,0.285,CNTRL_30_S,0,30,S,1,157
W2O11_exp3B,-0.00215,0.12348,-0.251,CNTRL_30_S,0,30,S,1,252
B26G52_exp2A,-0.00346,0.09648,0.49,CNTRL_30_S,0,30,S,1,208
B32G88_exp1B,-0.00274,0.012,0.121,CNTRL_30_S,0,30,S,1,172
B32G88_exp2B,-0.0041,-0.01121,0,CNTRL_30_S,0,30,S,1,225
G23Y5017_exp2A,-0.00293,0.04683,0.174,N_1.5_20_A,1.5,20,A,1,174
G29Y70_exp1A,-0.0063,0.05871,0.202,N_1.5_20_A,1.5,20,A,1,168
G23Y1819_exp3A,-0.00275,-0.01675,0.056,N_1.5_20_A,1.5,20,A,1,223
G30Y76_exp1B,-0.00245,0.01415,0.218,N_1.5_20_A,1.5,20,A,1,169
G25Y46_exp2B,-0.00364,-0.0218,-0.061,N_1.5_20_A,1.5,20,A,1,184
O5G3_exp3B,-0.00482,0.06857,0.034,N_1.5_20_S,1.5,20,S,1,242
G30Y79_exp1B,-0.00527,-0.00397,0.211,N_1.5_20_S,1.5,20,S,1,171
G25Y49_exp2B,-0.00367,0.01674,0.075,N_1.5_20_S,1.5,20,S,1,223
G23Y3130_exp3A,-0.00772,0.09797,-0.38,N_1.5_20_S,1.5,20,S,1,239
G29Y74_exp1A,-0.00507,-0.06849,0.102,N_1.5_20_S,1.5,20,S,1,153
G23Y3130_exp2A,-0.00378,-0.14407,-0.48,N_1.5_20_S,1.5,20,S,1,206
O5G7_exp3B,-0.00607,0.16149,0.28,N_1.5_20_A,1.5,20,A,1,256
G27Y56_exp2B,-0.00225,0.02177,0.015,N_1.5_20_A,1.5,20,A,1,206
G31Y80_exp1A,-0.00329,0.02463,0.097,N_1.5_20_A,1.5,20,A,1,168
G24Y42_exp2A,-0.00604,-0.00146,-0.296,N_1.5_20_A,1.5,20,A,1,228
G34Y5_exp1B,-0.00292,0.05286,0.501,N_1.5_20_A,1.5,20,A,1,184
G24Y40_exp3A,-0.00477,0.01753,0.016,N_1.5_20_A,1.5,20,A,1,227
G31Y85_exp1A,-0.00738,-0.06284,-0.06,N_1.5_20_S,1.5,20,S,1,157
G34Y11_exp1B,-0.00507,0.02813,0.095,N_1.5_20_S,1.5,20,S,1,172
G27Y59_exp2B,-0.00465,0.03547,0.054,N_1.5_20_S,1.5,20,S,1,225
G24Y44_exp2A,-0.00635,0.01672,-0.166,N_1.5_20_S,1.5,20,S,1,208
G24Y43_exp3A,-0.00637,-0.05065,-0.514,N_1.5_20_S,1.5,20,S,1,239
G26Y52_exp2B,-0.00682,-0.01094,-0.424,N_1.5_30_A,1.5,30,A,1,175
W5O28_exp3B,-0.00266,-0.025,0.2,N_1.5_30_A,1.5,30,A,1,256
G33Y1_exp3A,-0.00407,-0.04057,0.065,N_1.5_30_A,1.5,30,A,1,226
G23Y5017_exp1B,-0.00272,-0.11152,-0.26,N_1.5_30_A,1.5,30,A,1,165
G28Y62_exp1A,-0.00382,0.06549,0.085,N_1.5_30_A,1.5,30,A,1,168
G26Y51_exp2B,-0.00219,-0.02709,-0.254,N_1.5_30_A,1.5,30,A,1,196
G33Y97_exp2A,-0.00328,-0.0163,-0.18,N_1.5_30_A,1.5,30,A,1,227
G23Y3130_exp1B,-0.00385,0.10685,0.162,N_1.5_30_S,1.5,30,S,1,171
G33Y100_exp3A,-0.00572,0.13533,-0.008,N_1.5_30_S,1.5,30,S,1,240
G33Y100_exp2A,-0.0038,0.06261,-0.103,N_1.5_30_S,1.5,30,S,1,185
G34Y4_exp2A,-0.0055,-0.03985,0.166,N_1.5_30_A,1.5,30,A,1,207
G25Y46_exp1A,-0.00276,0.01901,0.119,N_1.5_30_A,1.5,30,A,1,151
G28Y63_exp2B,-0.00272,-0.06771,-0.077,N_1.5_30_A,1.5,30,A,1,212
W5O30_exp3B,-0.00493,-0.08284,0.152,N_1.5_30_A,1.5,30,A,1,242
G34Y4_exp3A,-0.006,-0.05163,0.236,N_1.5_30_A,1.5,30,A,1,237
G24Y42_exp1B,-0.00251,0.01706,-0.058,N_1.5_30_A,1.5,30,A,1,184
G25Y48_exp1A,-0.00327,0.01875,0.114,N_1.5_30_S,1.5,30,S,1,155
G34Y11_exp2A,-0.00482,0.03367,0.28,N_1.5_30_S,1.5,30,S,1,211
G34Y11_exp3A,-0.00283,-0.00286,-0.052,N_1.5_30_S,1.5,30,S,1,241
G28Y67_exp2B,-0.0041,0.02437,0.04,N_1.5_30_S,1.5,30,S,1,225
W7O32_exp3B,-0.00446,0.00531,0.184,N_1.5_30_S,1.5,30,S,1,244
R3W8_exp1A,-0.00378,-0.14862,0.064,N_18_20_A,18,20,A,1,168
R10W46_exp1B,-0.00288,-0.01485,0.267,N_18_20_A,18,20,A,1,169
R3W8_exp2B,-0.00971,0.00761,0.024,N_18_20_A,18,20,A,1,159
R3W13_exp2B,-0.0046,-0.02242,0.075,N_18_20_S,18,20,S,1,223
R1W7_exp2A,-0.00384,-0.03801,0.132,N_18_20_S,18,20,S,1,185
R10W49_exp1B,-0.00652,0.0177,0.141,N_18_20_S,18,20,S,1,171
R3W13_exp1A,-0.00492,-0.00821,0.012,N_18_20_S,18,20,S,1,153
R4W15_exp2B,-0.00752,0.01607,-0.064,N_18_20_A,18,20,A,1,210
O1B5_exp3B,-0.00328,-0.1014,0.446,N_18_20_A,18,20,A,1,256
O8G8_exp3B,-0.00286,0.05694,0.011,N_18_20_A,18,20,A,1,238
R11W52_exp1B,-0.00439,-0.0471,0.147,N_18_20_A,18,20,A,1,184
R5W22_exp1A,-0.00533,-0.00487,0.025,N_18_20_A,18,20,A,1,151
R10W47_exp2A,-0.0036,0.00956,-0.122,N_18_20_A,18,20,A,1,228
R10W49_exp2A,-0.00205,0.05722,0.055,N_18_20_S,18,20,S,1,208
R11W54_exp1B,-0.00564,0.01263,-0.215,N_18_20_S,18,20,S,1,172
R5W27_exp1A,-0.0065,-0.03092,0.068,N_18_20_S,18,20,S,1,157
R4W34_exp2B,-0.00797,-0.04541,-0.098,N_18_20_S,18,20,S,1,225
R7W36_exp2B,-0.0075,0.03348,0.064,N_18_30_A,18,30,A,1,201
R14W72_exp2A,-0.00454,0.03817,-0.267,N_18_30_A,18,30,A,1,228
R14W71_exp3A,-0.00502,0.03245,-0.012,N_18_30_A,18,30,A,1,237
R4W14_exp1A,-0.00411,-0.04741,0.006,N_18_30_A,18,30,A,1,168
R21W97_exp1B,-0.0043,-0.01186,-0.042,N_18_30_A,18,30,A,1,184
W15O71_exp3B,-0.00587,0.03736,0.449,N_18_30_S,18,30,S,1,246
R7W38_exp2B,-0.00493,0.01239,-0.191,N_18_30_S,18,30,S,1,207
R4W34_exp1A,-0.00551,-0.1061,-0.281,N_18_30_S,18,30,S,1,153
R14W74_exp2A,-0.00291,-0.01516,-0.416,N_18_30_S,18,30,S,1,207
W15O69_exp3B,-0.00694,-0.14507,0.194,N_18_30_S,18,30,S,1,242
R21W55_exp1B,-0.00452,-0.06321,0.351,N_18_30_S,18,30,S,1,171
R14W74_exp3A,-0.00545,0.03098,-0.361,N_18_30_A,18,30,A,1,240
R8W41_exp2B,-0.00515,0.0167,-0.098,N_18_30_A,18,30,A,1,212
R6W28_exp1A,-0.00566,-0.02286,0.045,N_18_30_A,18,30,A,1,163
R15W77_exp2A,-0.00374,0.01416,0.284,N_18_30_A,18,30,A,1,231
R17W83_exp1B,-0.00306,-0.01771,0.011,N_18_30_A,18,30,A,1,184
R8W44_exp2B,-0.00322,-0.01001,-0.164,N_18_30_S,18,30,S,1,226
R6W31_exp1A,-0.00451,-0.06632,-0.095,N_18_30_S,18,30,S,1,155
W16O74_exp3B,-0.00886,-0.00156,0.198,N_18_30_S,18,30,S,1,244
R15W79_exp2A,-0.00338,-0.05843,-0.012,N_18_30_S,18,30,S,1,218
R15W77_exp3A,-0.00294,-0.01685,0.038,N_18_30_S,18,30,S,1,237
R17W85_exp1B,-0.00277,-0.14738,0.148,N_18_30_S,18,30,S,1,173
Y3B27_exp2A,-0.00416,-0.02568,0.219,N_5_20_A,5,20,A,1,226
Y1B8_exp2B,-0.00154,0.04138,-0.384,N_5_20_A,5,20,A,1,192
O12Y2_exp3B,-0.00434,0.05408,0.083,N_5_20_A,5,20,A,1,242
Y1B5_exp1A,-0.00522,0.06303,0.139,N_5_20_A,5,20,A,1,168
Y5B36_exp1B,-0.00243,-0.08082,0.212,N_5_20_A,5,20,A,1,169
Y1B12_exp2B,-0.00248,0.02315,-0.407,N_5_20_S,5,20,S,1,223
Y3B29_exp2A,-0.00519,0.10287,0.286,N_5_20_S,5,20,S,1,206
Y5B39_exp1B,-0.00484,-0.07714,0.199,N_5_20_S,5,20,S,1,171
Y1B12_exp1A,-0.00391,0.06514,-0.19,N_5_20_S,5,20,S,1,153
O12Y5_exp3B,NA,-0.11416,-0.047,N_5_20_S,5,20,S,1,256
Y4B31_exp2A,-0.00308,0.07547,0.111,N_5_20_A,5,20,A,1,204
Y5B36_exp2B,-0.00664,0.07293,0.064,N_5_20_A,5,20,A,1,209
Y10B50_exp1A,NA,-0.05951,0.027,N_5_20_A,5,20,A,1,168
Y13B72_exp1B,-0.00572,0.0152,0.222,N_5_20_A,5,20,A,1,184
O13Y8_exp3B,-0.0064,-0.17495,0.094,N_5_20_A,5,20,A,1,244
Y4B34_exp2A,-0.00551,0.00879,-0.124,N_5_20_S,5,20,S,1,208
Y10B54_exp1A,-0.00616,0.1469,0.048,N_5_20_S,5,20,S,1,157
Y13B74_exp1B,-0.00353,0.03131,-0.003,N_5_20_S,5,20,S,1,172
O13Y11_exp3B,-0.00498,0.06631,0.027,N_5_20_S,5,20,S,1,252
Y5B39_exp2B,-0.00634,0.02388,0.031,N_5_20_S,5,20,S,1,225
Y7B41_exp1B,-0.00584,-0.03674,-0.06,N_5_30_A,5,30,A,1,170
Y2B13_exp1A,-0.00357,-0.07,0.303,N_5_30_A,5,30,A,1,168
Y14B76_exp2B,-0.00258,-0.04019,-0.204,N_5_30_A,5,30,A,1,197
W11O49_exp3B,-0.00472,0.00455,0.364,N_5_30_S,5,30,S,1,246
Y12B67_exp2A,-0.00654,-0.04048,-0.401,N_5_30_S,5,30,S,1,207
Y2B24_exp1A,-0.00456,0.04645,-0.137,N_5_30_S,5,30,S,1,153
Y7B44_exp1B,-0.00505,0.01943,0.058,N_5_30_S,5,30,S,1,171
Y8B47_exp3A,-0.00628,-0.19152,0.181,N_5_30_S,5,30,S,1,237
Y14B79_exp2B,-0.003,-0.04353,-0.427,N_5_30_S,5,30,S,1,223
W11O47_exp3B,-0.00402,-0.02729,-0.141,N_5_30_S,5,30,S,1,242
Y12B63_exp3A,-0.00357,0.02902,0.107,N_5_30_A,5,30,A,1,237
Y15B82_exp2B,-0.00394,-0.00355,0.163,N_5_30_A,5,30,A,1,212
Y14B75_exp1A,-0.00466,-0.0363,0.119,N_5_30_A,5,30,A,1,162
Y13B72_exp2A,-0.00229,-0.02372,-0.031,N_5_30_A,5,30,A,1,231
Y8B47_exp1B,-0.0041,-0.03808,-0.119,N_5_30_A,5,30,A,1,184
Y14B78_exp1A,-0.00367,0.05288,NA,N_5_30_S,5,30,S,1,155
Y8B49_exp1B,-0.00425,-0.00098,0.094,N_5_30_S,5,30,S,1,173
Y13B74_exp2A,-0.00496,-0.00606,-0.32,N_5_30_S,5,30,S,1,218
W12O52_exp3B,-0.00794,0.07918,0.294,N_5_30_S,5,30,S,1,244
B22G27_exp1B,NA,0.03341,0.149,CNTRL_20_F_,0,20,F,NA,160
B13G2_exp2A,NA,-0.01225,-0.358,CNTRL_20_F_,0,20,F,NA,174
B13G3_exp3A,NA,-0.02283,-0.154,CNTRL_20_F_,0,20,F,NA,237
O17W33_exp3B,NA,-0.15825,-0.168,CNTRL_20_F_,0,20,F,NA,256
B14G20_exp2B,NA,0.04166,-0.403,CNTRL_20_F_,0,20,F,NA,202
B22G30_exp1B,NA,0.0833,0.143,CNTRL_20_F_,0,20,F,NA,160
O1B3_exp3B,NA,-0.0008,-0.085,CNTRL_20_F_,0,20,F,NA,251
B14G17_exp1A,NA,-0.05876,0.151,CNTRL_20_F_,0,20,F,NA,142
B23G34_exp1B,NA,0.02878,0.394,CNTRL_20_S_,0,20,S,NA,171
B22G28_exp2A,NA,0.00076,0.273,CNTRL_20_S_,0,20,S,NA,187
B22G28_exp3A,NA,0.04954,0.079,CNTRL_20_S_,0,20,S,NA,227
B22G29_exp2A,NA,-0.04237,-0.329,CNTRL_20_S_,0,20,S,NA,202
B15G22_exp1A,NA,0.00918,0.052,CNTRL_20_S_,0,20,S,NA,168
O2B12_exp3B,NA,-0.06121,-0.533,CNTRL_20_S_,0,20,S,NA,257
O22W48_exp3B,NA,0.07139,NA,CNTRL_20_S_,0,20,S,NA,252
B15G26_exp2B,NA,0.06337,0.03,CNTRL_20_S_,0,20,S,NA,224
B15G26_exp1A,NA,-0.10801,0.19,CNTRL_20_S_,0,20,S,NA,153
W17O83_exp3B,NA,-0.02474,NA,CNTRL_30_F_,0,30,F,NA,249
B29G65_exp1B,NA,0.01397,-0.006,CNTRL_30_F_,0,30,F,NA,170
B25G44_exp2A,NA,0.0074,0.018,CNTRL_30_F_,0,30,F,NA,201
B25G45_exp3A,NA,0.0129,-0.006,CNTRL_30_F_,0,30,F,NA,237
B31G79_exp2B,NA,0.04081,-0.076,CNTRL_30_F_,0,30,F,NA,174
B27G55_exp1A,NA,-0.03393,0.129,CNTRL_30_F_,0,30,F,NA,142
B26G50_exp2A,NA,0.00162,0.149,CNTRL_30_S_,0,30,S,NA,230
W2O12_exp3B,NA,-0.05324,0.019,CNTRL_30_S_,0,30,S,NA,243
B32G85_exp1B,NA,-0.04383,0.005,CNTRL_30_S_,0,30,S,NA,184
B26G49_exp3A,NA,-0.02184,0.039,CNTRL_30_S_,0,30,S,NA,237
B30G74_exp1A,NA,0.03632,0.125,CNTRL_30_S_,0,30,S,NA,152
W20O88_exp3B,NA,-0.06611,NA,CNTRL_30_S_,0,30,S,NA,252
B32G85_exp2B,NA,-0.0542,-0.095,CNTRL_30_S_,0,30,S,NA,188
B28G58_exp3A,NA,-0.0064,0.029,CNTRL_30_S_,0,30,S,NA,235
G30Y77_exp1B,NA,0.02123,0.3,N_1.5_20_A,1.5,20,A,NA,183
G23Y2129_exp3A,NA,0.00776,-0.063,N_1.5_20_A,1.5,20,A,NA,237
O4B25_exp3B,NA,-0.03686,NA,N_1.5_20_A,1.5,20,A,NA,250
G23Y2820_exp2A,NA,-0.08808,-0.452,N_1.5_20_A,1.5,20,A,NA,226
O5G4_exp3B,NA,-0.01822,-0.112,N_1.5_20_S,1.5,20,S,NA,251
G29Y72_exp1A,NA,-0.02195,-0.036,N_1.5_20_S,1.5,20,S,NA,142
G25Y48_exp2B,NA,-0.0636,-0.02,N_1.5_20_S,1.5,20,S,NA,205
O8G13_exp3B,NA,-0.00437,-0.114,N_1.5_20_A,1.5,20,A,NA,257
G24Y40_exp2A,NA,0.03934,0.343,N_1.5_20_A,1.5,20,A,NA,187
G34Y4_exp1B,NA,-0.00991,0.032,N_1.5_20_A,1.5,20,A,NA,171
G27Y57_exp2B,NA,0.04672,-0.509,N_1.5_20_A,1.5,20,A,NA,185
G24Y42_exp3A,NA,0.01048,0.017,N_1.5_20_A,1.5,20,A,NA,237
G31Y84_exp1A,NA,-0.08648,-0.13,N_1.5_20_S,1.5,20,S,NA,160
O8G12_exp3B,NA,-0.02829,0.061,N_1.5_20_S,1.5,20,S,NA,252
G23Y1819_exp1B,NA,0.04994,-0.088,N_1.5_30_A,1.5,30,A,NA,170
G33Y95_exp2A,NA,0.1249,-0.09,N_1.5_30_A,1.5,30,A,NA,201
G33Y95_exp3A,NA,-0.07315,-0.109,N_1.5_30_A,1.5,30,A,NA,237
W4O25_exp3B,NA,-0.03793,NA,N_1.5_30_S,1.5,30,S,NA,252
W5O26_exp3B,NA,0.01824,-0.013,N_1.5_30_S,1.5,30,S,NA,251
G28Y65_exp1A,NA,0.02446,0.173,N_1.5_30_S,1.5,30,S,NA,148
G28Y67_exp1A,NA,-0.27318,-0.099,N_1.5_30_S,1.5,30,S,NA,153
G26Y53_exp2B,NA,-0.08522,-0.3,N_1.5_30_S,1.5,30,S,NA,206
G24Y41_exp1B,NA,0.01583,0.298,N_1.5_30_A,1.5,30,A,NA,171
G34Y5_exp2A,NA,-0.03589,0.249,N_1.5_30_A,1.5,30,A,NA,230
G34Y3_exp3A,NA,0.02759,0.173,N_1.5_30_A,1.5,30,A,NA,230
W7O31_exp3B,NA,-0.08826,0.133,N_1.5_30_A,1.5,30,A,NA,238
G28Y65_exp2B,NA,0.00862,-0.504,N_1.5_30_S,1.5,30,S,NA,208
W7O33_exp3B,NA,0.1292,-0.54,N_1.5_30_S,1.5,30,S,NA,247
G25Y49_exp1A,NA,0.05646,-0.171,N_1.5_30_S,1.5,30,S,NA,157
G24Y44_exp1B,NA,-0.0517,0.121,N_1.5_30_S,1.5,30,S,NA,173
O15Y25_exp3B,NA,0.01412,NA,N_18_20_A,18,20,A,NA,252
R10W47_exp1B,NA,-0.03289,-0.022,N_18_20_A,18,20,A,NA,183
R17W85_exp3A,NA,0.02798,NA,N_18_20_A,18,20,A,NA,241
R1W6_exp2A,NA,-0.01349,-0.026,N_18_20_A,18,20,A,NA,226
R1W3_exp3A,NA,0.03606,-0.072,N_18_20_A,18,20,A,NA,237
R1W5_exp2A,NA,0.03954,0.278,N_18_20_A,18,20,A,NA,199
R1W2_exp3A,NA,-0.04068,-0.134,N_18_20_A,18,20,A,NA,225
O17W14_exp3B,NA,-0.00661,0.143,N_18_20_A,18,20,A,NA,238
O17W17_exp3B,NA,-0.02076,-0.064,N_18_20_S,18,20,S,NA,251
R3W11_exp2B,NA,0.06857,0.067,N_18_20_S,18,20,S,NA,174
R3W11_exp1A,NA,-0.05805,-0.229,N_18_20_S,18,20,S,NA,142
O17W15_exp3B,NA,-0.01461,0.152,N_18_20_S,18,20,S,NA,242
R1W6_exp3A,NA,-0.04473,-0.423,N_18_20_S,18,20,S,NA,239
O17W20_exp3B,NA,-0.12453,-0.163,N_18_20_S,18,20,S,NA,246
R1W5_exp3A,NA,0.02895,-0.14,N_18_20_S,18,20,S,NA,237
R11W50_exp1B,NA,-0.00171,0.181,N_18_20_A,18,20,A,NA,166
R10W45_exp3A,NA,-0.00827,-0.18,N_18_20_A,18,20,A,NA,229
R10W46_exp2A,NA,0.04036,0.035,N_18_20_A,18,20,A,NA,205
O20W34_exp3B,NA,0.03679,0.03,N_18_20_A,18,20,A,NA,238
R10W46_exp3A,NA,0.02201,-0.155,N_18_20_A,18,20,A,NA,237
R4W20_exp2B,NA,0.00924,-0.366,N_18_20_S,18,20,S,NA,208
R5W24_exp1A,NA,-0.03082,0.076,N_18_20_S,18,20,S,NA,150
O20W36_exp3B,NA,-0.11701,-0.037,N_18_20_S,18,20,S,NA,250
O20W37_exp3B,NA,-0.05054,0.209,N_18_20_S,18,20,S,NA,252
R10W47_exp3A,NA,0.04851,-0.084,N_18_20_S,18,20,S,NA,237
O20W35_exp3B,NA,-0.00841,0.162,N_18_20_S,18,20,S,NA,244
R10W48_exp3A,NA,-0.22243,-0.545,N_18_20_S,18,20,S,NA,239
W14O66_exp3B,NA,0.10388,NA,N_18_30_A,18,30,A,NA,254
R21W95_exp1B,NA,0.05568,-0.072,N_18_30_A,18,30,A,NA,170
R14W70_exp2A,NA,0.06903,0.042,N_18_30_A,18,30,A,NA,186
R13W67_exp3A,NA,-0.07345,-0.53,N_18_30_A,18,30,A,NA,241
R7W35_exp2B,NA,0.12898,-0.154,N_18_30_A,18,30,A,NA,168
R7W39_exp2B,NA,-0.05046,-0.153,N_18_30_S,18,30,S,NA,223
R4W20_exp1A,NA,0.07137,0.061,N_18_30_S,18,30,S,NA,149
W15O70_exp3B,NA,0.07809,-0.55,N_18_30_S,18,30,S,NA,249
R14W72_exp3A,NA,-0.04093,-0.035,N_18_30_S,18,30,S,NA,237
R17W80_exp1B,NA,-0.04722,-0.003,N_18_30_A,18,30,A,NA,167
W15O72_exp3B,NA,-0.03676,-0.013,N_18_30_A,18,30,A,NA,257
R15W75_exp3A,NA,0.05154,-0.048,N_18_30_A,18,30,A,NA,232
R17W82_exp1B,NA,0.00721,0.194,N_18_30_A,18,30,A,NA,177
R15W76_exp2A,NA,0.01468,-0.104,N_18_30_A,18,30,A,NA,209
R8W42_exp2B,NA,0.05939,-0.218,N_18_30_S,18,30,S,NA,191
W16O76_exp3B,NA,0.0108,-0.027,N_18_30_S,18,30,S,NA,252
R6W32_exp1A,NA,-0.10242,-0.009,N_18_30_S,18,30,S,NA,159
Y3B25_exp2A,NA,-0.04313,0.133,N_5_20_A,5,20,A,NA,174
Y5B37_exp1B,NA,-0.06211,0.25,N_5_20_A,5,20,A,NA,183
Y2B13_exp3A,NA,-0.08517,-0.406,N_5_20_A,5,20,A,NA,240
Y2B15_exp3A,NA,-0.01582,-0.297,N_5_20_A,5,20,A,NA,237
Y2B14_exp3A,NA,-0.06483,-0.128,N_5_20_A,5,20,A,NA,225
Y20B97_exp3A,NA,0.07235,NA,N_5_20_S,5,20,S,NA,240
Y1B11_exp1A,NA,-0.02559,-0.023,N_5_20_S,5,20,S,NA,147
O12Y3_exp3B,NA,0.05756,0.144,N_5_20_S,5,20,S,NA,251
Y1B11_exp2B,NA,-0.00567,0.021,N_5_20_S,5,20,S,NA,205
Y2B22_exp3A,NA,0.00035,-0.394,N_5_20_S,5,20,S,NA,237
Y13B71_exp1B,NA,0.02348,0.227,N_5_20_A,5,20,A,NA,171
Y3B25_exp3A,NA,0.02464,-0.123,N_5_20_A,5,20,A,NA,229
Y3B26_exp3A,NA,0.03931,-0.306,N_5_20_A,5,20,A,NA,237
Y2B24_exp3A,NA,-0.10381,-0.328,N_5_20_A,5,20,A,NA,239
Y4B32_exp2A,NA,-0.0477,0.296,N_5_20_A,5,20,A,NA,228
Y5B38_exp2B,NA,0.01728,-0.252,N_5_20_S,5,20,S,NA,208
O13Y12_exp3B,NA,0.04844,-0.005,N_5_20_S,5,20,S,NA,241
Y3B27_exp3A,NA,0.00653,-0.313,N_5_20_S,5,20,S,NA,237
Y3B28_exp3A,NA,-0.13587,-0.52,N_5_20_S,5,20,S,NA,239
Y10B52_exp1A,NA,-0.13342,-0.017,N_5_20_S,5,20,S,NA,151
Y12B63_exp2A,NA,0.17734,0.017,N_5_30_A,5,30,A,NA,202
W10O45_exp3B,NA,0.05954,NA,N_5_30_A,5,30,A,NA,254
Y8B45_exp3A,NA,0.01367,0.033,N_5_30_A,5,30,A,NA,226
Y7B44_exp3A,NA,-0.04662,NA,N_5_30_A,5,30,A,NA,241
Y12B64_exp2A,NA,0.07073,0.235,N_5_30_A,5,30,A,NA,227
Y7B42_exp1B,NA,-0.02711,-0.093,N_5_30_A,5,30,A,NA,183
Y2B15_exp1A,NA,0.02465,-0.176,N_5_30_S,5,30,S,NA,142
Y14B78_exp2B,NA,0.01194,-0.495,N_5_30_S,5,30,S,NA,207
Y8B45_exp1B,NA,0.02682,0.034,N_5_30_A,5,30,A,NA,167
W11O50_exp3B,NA,-0.06556,-0.44,N_5_30_A,5,30,A,NA,256
W8O40_exp3B,NA,-0.0236,NA,N_5_30_A,5,30,A,NA,243
Y13B71_exp2A,NA,0.01675,-0.381,N_5_30_A,5,30,A,NA,207
Y15B85_exp2B,NA,0.04624,-0.026,N_5_30_S,5,30,S,NA,226
W12O54_exp3B,NA,-0.16621,0.185,N_5_30_S,5,30,S,NA,252
Y14B79_exp1A,NA,-0.19203,0.001,N_5_30_S,5,30,S,NA,159
Y15B84_exp2B,NA,-0.00377,-0.127,N_5_30_S,5,30,S,NA,209
Y12B64_exp3A,NA,-0.07182,-0.003,N_5_30_S,5,30,S,NA,237
